Семантические категории 1-ого уровня;Семантические категории 2-ого уровня;Семантические категории 3-его уровня;Оценочное слово или словосочетание;Полярность
КМ;внешний вид;внешний вид;аккуратная;+
КМ;внешний вид;внешний вид;богатый внешний вид;+
КМ;внешний вид;внешний вид;богатый дизайн;+
КМ;внешний вид;внешний вид;великолепный внешний вид;+
КМ;внешний вид;внешний вид;великолепный дизайн;+
КМ;внешний вид;внешний вид;винтажный внешний вид;+
КМ;внешний вид;внешний вид;винтажный дизайн;+
КМ;внешний вид;внешний вид;внешний вид выше всяких похвал;+
КМ;внешний вид;внешний вид;внушительный внешний вид;+
КМ;внешний вид;внешний вид;вписалась в интерьер;+
КМ;внешний вид;внешний вид;вписался в кухню;+
КМ;внешний вид;внешний вид;выглядит великолепно;+
КМ;внешний вид;внешний вид;выглядит дорого;+
КМ;внешний вид;внешний вид;выглядит здорово;+
КМ;внешний вид;внешний вид;выглядит как дорогой аппарат;+
КМ;внешний вид;внешний вид;выглядит клёво;+
КМ;внешний вид;внешний вид;выглядит красиво;+
КМ;внешний вид;внешний вид;выглядит потрясающе;+
КМ;внешний вид;внешний вид;выглядит приятно;+
КМ;внешний вид;внешний вид;выглядит старовато;-
КМ;внешний вид;внешний вид;выглядит стильно;+
КМ;внешний вид;внешний вид;выгодный внешний вид;+
КМ;внешний вид;внешний вид;выгодный дизайн;+
КМ;внешний вид;внешний вид;дешевый внешний вид;-
КМ;внешний вид;внешний вид;дешёвый дизайн;-
КМ;внешний вид;внешний вид;дизайн в ногу со временем;+
КМ;внешний вид;внешний вид;дизайн выше всяких похвал;+
КМ;внешний вид;внешний вид;достойный внешний вид;+
КМ;внешний вид;внешний вид;достойный дизайн;+
КМ;внешний вид;внешний вид;замечательный внешний вид;+
КМ;внешний вид;внешний вид;замечательный дизайн;+
КМ;внешний вид;внешний вид;идеальный внешний вид;+
КМ;внешний вид;внешний вид;идеальный дизайн;+
КМ;внешний вид;внешний вид;изысканный внешний вид;+
КМ;внешний вид;внешний вид;изысканный дизайн;+
КМ;внешний вид;внешний вид;интересный внешний вид;+
КМ;внешний вид;внешний вид;интересный дизайн;+
КМ;внешний вид;внешний вид;какой-никакой дизайн;-
КМ;внешний вид;внешний вид;качественный внешний вид;+
КМ;внешний вид;внешний вид;класный дизайн;+
КМ;внешний вид;внешний вид;классический дизайн;+
КМ;внешний вид;внешний вид;классный внешний вид;+
КМ;внешний вид;внешний вид;классный дизайн;+
КМ;внешний вид;внешний вид;клевый дизайн;+
КМ;внешний вид;внешний вид;компактный дизайн;+
КМ;внешний вид;внешний вид;корпус заляпывается пальцами;-
КМ;внешний вид;внешний вид;красавица;+
КМ;внешний вид;внешний вид;красивая;+
КМ;внешний вид;внешний вид;красиво выглядит;+
КМ;внешний вид;внешний вид;красиво сделан;+
КМ;внешний вид;внешний вид;красиво смотрится;+
КМ;внешний вид;внешний вид;красивый внешний вид;+
КМ;внешний вид;внешний вид;красивый дизайн;+
КМ;внешний вид;внешний вид;лаконичный внешний вид;+
КМ;внешний вид;внешний вид;лаконичный дизайн;+
КМ;внешний вид;внешний вид;легко царапаются;-
КМ;внешний вид;внешний вид;маркая;-
КМ;внешний вид;внешний вид;модный дизайн;+
КМ;внешний вид;внешний вид;насыщенный дизайн;+
КМ;внешний вид;внешний вид;неаккуратный внешний вид;-
КМ;внешний вид;внешний вид;неброский дизайн;-
КМ;внешний вид;внешний вид;ненавязчивый внешний вид;+
КМ;внешний вид;внешний вид;ненавязчивый дизайн;+
КМ;внешний вид;внешний вид;необычный дизайн;+
КМ;внешний вид;внешний вид;неплохой внешний вид;+
КМ;внешний вид;внешний вид;неплохой дизайн;+
КМ;внешний вид;внешний вид;несовременный дизайн;-
КМ;внешний вид;внешний вид;никакой внешний вид;-
КМ;внешний вид;внешний вид;новый дизайн;+
КМ;внешний вид;внешний вид;облезают хромированные кнопки управления;-
КМ;внешний вид;внешний вид;обыкновенный дизайн;+
КМ;внешний вид;внешний вид;оригинальный дизайн;+
КМ;внешний вид;внешний вид;остаются отпечатки пальцев;-
КМ;внешний вид;внешний вид;остаются следы на корпусе;-
КМ;внешний вид;внешний вид;отлично вписался в дизайн кухни;+
КМ;внешний вид;внешний вид;отлично вписывается в интерьер кухни;+
КМ;внешний вид;внешний вид;отлично выглядит;+
КМ;внешний вид;внешний вид;отлично подошла в цвет кухни;+
КМ;внешний вид;внешний вид;отличный внешний вид;+
КМ;внешний вид;внешний вид;отличный дизайн;+
КМ;внешний вид;внешний вид;отменный дизайн;+
КМ;внешний вид;внешний вид;пластик корпуса выглядит дешево;-
КМ;внешний вид;внешний вид;поверхность легко пачкается;-
КМ;внешний вид;внешний вид;понравился внешний вид;+
КМ;внешний вид;внешний вид;понравился дизайн;+
КМ;внешний вид;внешний вид;поцарапалась металлическая подставка под чашки;-
КМ;внешний вид;внешний вид;превосходный дизайн;+
КМ;внешний вид;внешний вид;прекрасный внешний вид;+
КМ;внешний вид;внешний вид;прекрасный дизайн;+
КМ;внешний вид;внешний вид;премиальный внешний вид;+
КМ;внешний вид;внешний вид;премиальный дизайн;+
КМ;внешний вид;внешний вид;привлекательный внешний вид;+
КМ;внешний вид;внешний вид;привлекательный дизайн;+
КМ;внешний вид;внешний вид;прикольный дизайн;+
КМ;внешний вид;внешний вид;приличный внешний вид;+
КМ;внешний вид;внешний вид;приличный дизайн;+
КМ;внешний вид;внешний вид;приятно выглядит;+
КМ;внешний вид;внешний вид;приятно смотреть;+
КМ;внешний вид;внешний вид;приятный внешний вид;+
КМ;внешний вид;внешний вид;приятный дизайн;+
КМ;внешний вид;внешний вид;прогрессивный дизайн;+
КМ;внешний вид;внешний вид;респектабельный внешний вид;+
КМ;внешний вид;внешний вид;сексуально выглядит;+
КМ;внешний вид;внешний вид;сильный дизайн;+
КМ;внешний вид;внешний вид;симпатичная;+
КМ;внешний вид;внешний вид;симпатично выглядит;+
КМ;внешний вид;внешний вид;симпатично смотрится;+
КМ;внешний вид;внешний вид;симпатичный внешний вид;+
КМ;внешний вид;внешний вид;симпатичный дизайн;+
КМ;внешний вид;внешний вид;скромный дизайн;-
КМ;внешний вид;внешний вид;сложный дизайн;+
КМ;внешний вид;внешний вид;смотрится великолепно;+
КМ;внешний вид;внешний вид;смотрится дорого;+
КМ;внешний вид;внешний вид;смотрится здорово;+
КМ;внешний вид;внешний вид;смотрится клёво;+
КМ;внешний вид;внешний вид;смотрится красиво;+
КМ;внешний вид;внешний вид;смотрится потрясающе;+
КМ;внешний вид;внешний вид;смотрится старовато;-
КМ;внешний вид;внешний вид;смотрится стильно;+
КМ;внешний вид;внешний вид;собирает отпечатки пальцев;-
КМ;внешний вид;внешний вид;собирает пыль;-
КМ;внешний вид;внешний вид;современно выглядит;+
КМ;внешний вид;внешний вид;современный внешний вид;+
КМ;внешний вид;внешний вид;современный дизайн;+
КМ;внешний вид;внешний вид;солидно выглядит;+
КМ;внешний вид;внешний вид;солидно смотрится;+
КМ;внешний вид;внешний вид;солидный внешний вид;+
КМ;внешний вид;внешний вид;солидный дизайн;+
КМ;внешний вид;внешний вид;специфичный дизайн;+
КМ;внешний вид;внешний вид;спорный дизайн;-
КМ;внешний вид;внешний вид;стандартный внешний вид;+
КМ;внешний вид;внешний вид;стандартный дизайн;+
КМ;внешний вид;внешний вид;стёрся лейбл фирмы;-
КМ;внешний вид;внешний вид;стильная;+
КМ;внешний вид;внешний вид;стильно выглядит;+
КМ;внешний вид;внешний вид;стильно смотрится;+
КМ;внешний вид;внешний вид;стильный внешний вид;+
КМ;внешний вид;внешний вид;стильный дизайн;+
КМ;внешний вид;внешний вид;странный дизайн;-
КМ;внешний вид;внешний вид;страшноватый дизайн;-
КМ;внешний вид;внешний вид;строгий внешний вид;+
КМ;внешний вид;внешний вид;строгий дизайн;+
КМ;внешний вид;внешний вид;супер дизайн;+
КМ;внешний вид;внешний вид;убогий дизайн;-
КМ;внешний вид;внешний вид;удачный дизайн;+
КМ;внешний вид;внешний вид;украшение кухни;+
КМ;внешний вид;внешний вид;универсальный дизайн;+
КМ;внешний вид;внешний вид;ущербный внешний вид;-
КМ;внешний вид;внешний вид;ущербный дизайн;-
КМ;внешний вид;внешний вид;функциональный дизайн;+
КМ;внешний вид;внешний вид;хай тек;+
КМ;внешний вид;внешний вид;хорош внешний вид;+
КМ;внешний вид;внешний вид;хорош дизайн;+
КМ;внешний вид;внешний вид;хороший внешний вид;+
КМ;внешний вид;внешний вид;хороший дизайн;+
КМ;внешний вид;внешний вид;хорошо вписывается в кухню;+
КМ;внешний вид;внешний вид;шикарный внешний вид;+
КМ;внешний вид;внешний вид;шикарный дизайн;+
КМ;внешний вид;внешний вид;элегантная;+
КМ;внешний вид;внешний вид;элегантный внешний вид;+
КМ;внешний вид;внешний вид;элегантный дизайн;+
КМ;внешний вид;внешний вид;элитный дизайн;+
КМ;внешний вид;внешний вид;эргономичный дизайн;+
КМ;внешний вид;внешний вид;эстетичный внешний вид;+
КМ;внешний вид;внешний вид;эффектно выглядит;+
КМ;внешний вид;внешний вид;эффектно смотрится;+
КМ;внешний вид;внешний вид;эффектный внешний вид;+
КМ;внешний вид;внешний вид;эффектный дизайн;+
КМ;внешний вид;внешний вид;яркий дизайн;+
КМ;КМ;КМ;"""чудо""";-
КМ;КМ;КМ;адская машина;+
КМ;КМ;КМ;аппарат супер;+
КМ;КМ;КМ;барахло;-
КМ;КМ;КМ;без лишних наворотов;+
КМ;КМ;КМ;безукоризненное качество;+
КМ;КМ;КМ;бесконфликтная машина;+
КМ;КМ;КМ;бесполезная покупка;-
КМ;КМ;КМ;бесполезный аппарат;-
КМ;КМ;КМ;великолепная модель;+
КМ;КМ;КМ;верный соратник и друг кофемана;+
КМ;КМ;КМ;вещь бесполезная;-
КМ;КМ;КМ;все замечательно;+
КМ;КМ;КМ;все на высшем уровне;+
КМ;КМ;КМ;все ОК;+
КМ;КМ;КМ;все устраивает;+
КМ;КМ;КМ;все устроило;+
КМ;КМ;КМ;высокая мощность;+
КМ;КМ;КМ;выше всяких похвал;+
КМ;КМ;КМ;г..;-
КМ;КМ;КМ;долбанная кофемашина;-
КМ;КМ;КМ;достойная кофемашина;+
КМ;КМ;КМ;достойная модель;+
КМ;КМ;КМ;достойное устройство;+
КМ;КМ;КМ;достойный агрегат;+
КМ;КМ;КМ;достойных конкурентов у неё нет;+
КМ;КМ;КМ;замечательная кофемашина;+
КМ;КМ;КМ;замечательная машина;+
КМ;КМ;КМ;замечательная модель;+
КМ;КМ;КМ;замечательное приобретение;+
КМ;КМ;КМ;заморочная модель;-
КМ;КМ;КМ;знаменитый бренд;+
КМ;КМ;КМ;игрушка;+
КМ;КМ;КМ;идеальная вещь;+
КМ;КМ;КМ;идеальная кофемашина;+
КМ;КМ;КМ;идеальная машина;+
КМ;КМ;КМ;идеальная модель;+
КМ;КМ;КМ;известный бренд;+
КМ;КМ;КМ;интересная кофемашина;+
КМ;КМ;КМ;интересная модель;+
КМ;КМ;КМ;интуитивная;+
КМ;КМ;КМ;капризная;-
КМ;КМ;КМ;капризная до ужаса;-
КМ;КМ;КМ;капризная машина;-
КМ;КМ;КМ;качественная;+
КМ;КМ;КМ;качественная машина;+
КМ;КМ;КМ;качественная модель;+
КМ;КМ;КМ;качество на высоте;+
КМ;КМ;КМ;класс;+
КМ;КМ;КМ;классная;+
КМ;КМ;КМ;лучше Айфона;+
КМ;КМ;КМ;лучше не нашел;+
КМ;КМ;КМ;лучший выбор для неискушенных кофеманов;+
КМ;КМ;КМ;любимая;+
КМ;КМ;КМ;маловато мощности;-
КМ;КМ;КМ;маркетинговая разводка;-
КМ;КМ;КМ;маст хэв;+
КМ;КМ;КМ;моделька хорошая;+
КМ;КМ;КМ;мощная;+
КМ;КМ;КМ;мощности не хватает;-
КМ;КМ;КМ;на высшем уровне;+
КМ;КМ;КМ;на другую не променяла бы;+
КМ;КМ;КМ;надежная;+
КМ;КМ;КМ;надёжная машина;+
КМ;КМ;КМ;надежная модель;+
КМ;КМ;КМ;надёжная модель;+
КМ;КМ;КМ;надежно сделана;+
КМ;КМ;КМ;надежность;+
КМ;КМ;КМ;наихорошая машина;+
КМ;КМ;КМ;наихорошая модель;+
КМ;КМ;КМ;нареканий нет;+
КМ;КМ;КМ;нареканий никаких;+
КМ;КМ;КМ;не вижу недостатков;+
КМ;КМ;КМ;не уступает дорогим аналогам;+
КМ;КМ;КМ;недоразумение;-
КМ;КМ;КМ;недостатков не вижу;+
КМ;КМ;КМ;неплохая машина;+
КМ;КМ;КМ;неплохая модель;+
КМ;КМ;КМ;непригодная;-
КМ;КМ;КМ;нетребовательная машина;+
КМ;КМ;КМ;ни разу меня не подводила;-
КМ;КМ;КМ;ни разу не подводила;+
КМ;КМ;КМ;ничего лишнего;+
КМ;КМ;КМ;нормальная;+
КМ;КМ;КМ;нормальная машина;+
КМ;КМ;КМ;нормальная модель;+
КМ;КМ;КМ;нормальный агрегат;+
КМ;КМ;КМ;нравится все больше и больше;+
КМ;КМ;КМ;нравится кофемашина;+
КМ;КМ;КМ;обычная кофемашина;-
КМ;КМ;КМ;обычная модель;+
КМ;КМ;КМ;огонь кофемашина;+
КМ;КМ;КМ;однозначный musthave;+
КМ;КМ;КМ;оправдала все мои ожидания;+
КМ;КМ;КМ;оправдала мои ожидания;+
КМ;КМ;КМ;оптимальная модель;+
КМ;КМ;КМ;отличная вещь;+
КМ;КМ;КМ;отличная кофемашина;+
КМ;КМ;КМ;отличная машина;+
КМ;КМ;КМ;отличная модель;+
КМ;КМ;КМ;отличное итальянское качество;+
КМ;КМ;КМ;ошибся (с выбором);-
КМ;КМ;КМ;плохая машина;-
КМ;КМ;КМ;плохая модель;-
КМ;КМ;КМ;полезная вещь;+
КМ;КМ;КМ;полезная кофемашина;+
КМ;КМ;КМ;получил то, на что рассчитывал;+
КМ;КМ;КМ;понравилась кофемашина;+
КМ;КМ;КМ;понравилось всё;+
КМ;КМ;КМ;понятная кофемашина;+
КМ;КМ;КМ;понятная модель;+
КМ;КМ;КМ;порадовала кофемашина;+
КМ;КМ;КМ;правильный выбор;+
КМ;КМ;КМ;практичная кофемашина;+
КМ;КМ;КМ;практичная модель;+
КМ;КМ;КМ;превосходный вариант;+
КМ;КМ;КМ;прекрасная машина;+
КМ;КМ;КМ;прекрасная модель;+
КМ;КМ;КМ;прекрасный аппарат;+
КМ;КМ;КМ;придраться не к чему;+
КМ;КМ;КМ;прикольная кофемашина;+
КМ;КМ;КМ;примитивная кофемашина;-
КМ;КМ;КМ;продумано до мелочей;+
КМ;КМ;КМ;проста как мычание;+
КМ;КМ;КМ;простая как танк;+
КМ;КМ;КМ;простая кофемашина;+
КМ;КМ;КМ;простая модель;+
КМ;КМ;КМ;простейшая модель;+
КМ;КМ;КМ;простенькая модель;-
КМ;КМ;КМ;простецкая кофемашина;-
КМ;КМ;КМ;просто бомба;+
КМ;КМ;КМ;просто отпад;+
КМ;КМ;КМ;просто супер;+
КМ;КМ;КМ;просто чудо;+
КМ;КМ;КМ;рабочая кофемашина;+
КМ;КМ;КМ;разочаровала;-
КМ;КМ;КМ;рукомойник;-
КМ;КМ;КМ;с функциями своими она справляется вполне адекватно;+
КМ;КМ;КМ;сама по себе хорошая;+
КМ;КМ;КМ;самая удачная покупка за последнее время;+
КМ;КМ;КМ;самый удачный вариант;+
КМ;КМ;КМ;сделана с умом;+
КМ;КМ;КМ;сказка;+
КМ;КМ;КМ;слабовата;-
КМ;КМ;КМ;сложная;-
КМ;КМ;КМ;современная модель;+
КМ;КМ;КМ;соответствует заявленным параметрам;+
КМ;КМ;КМ;соответствует описанию;+
КМ;КМ;КМ;состоит из плюсов;+
КМ;КМ;КМ;справляется на 5 баллов;+
КМ;КМ;КМ;средненько;-
КМ;КМ;КМ;средняя модель;+
КМ;КМ;КМ;стандартная;+
КМ;КМ;КМ;стоящая модель;+
КМ;КМ;КМ;странная модель;-
КМ;КМ;КМ;супер;+
КМ;КМ;КМ;супер агрегат;+
КМ;КМ;КМ;супермашина;+
КМ;КМ;КМ;удoвoльcтвиe одним словoм;+
КМ;КМ;КМ;удачная модель;+
КМ;КМ;КМ;удобная;+
КМ;КМ;КМ;удобная машина;+
КМ;КМ;КМ;удобная модель;+
КМ;КМ;КМ;удовлетворяет по всем параметрам;+
КМ;КМ;КМ;удовольствие;+
КМ;КМ;КМ;ужасная модель;-
КМ;КМ;КМ;умная;+
КМ;КМ;КМ;умная машина;+
КМ;КМ;КМ;умница;+
КМ;КМ;КМ;умничка;+
КМ;КМ;КМ;устраивает полностью;+
КМ;КМ;КМ;функциональная;+
КМ;КМ;КМ;функциональный;+
КМ;КМ;КМ;хороша;+
КМ;КМ;КМ;хорошая;+
КМ;КМ;КМ;хорошая машина;+
КМ;КМ;КМ;хорошая модель;+
КМ;КМ;КМ;хорошая техника;+
КМ;КМ;КМ;хорошее качество;+
КМ;КМ;КМ;хороший аппарат;+
КМ;КМ;КМ;хороший товар;+
КМ;КМ;КМ;хоршая модель;+
КМ;КМ;КМ;четкая штука;+
КМ;КМ;КМ;чувствительна к напряжению в сети;-
КМ;КМ;КМ;чудесная модель;+
КМ;КМ;КМ;чудо;+
КМ;КМ;КМ;чудо машина ;+
КМ;КМ;КМ;чудо техники;+
КМ;КМ;КМ;шикарна;+
КМ;КМ;КМ;шикарная;+
КМ;КМ;КМ;шикарная машина;+
КМ;КМ;КМ;шикарная модель;+
КМ;КМ;КМ;шлак;-
КМ;КМ;КМ;эксклюзивная модель;+
КМ;КМ;КМ;эргономична;+
КМ;конструкция;габариты;большая;-
КМ;конструкция;габариты;великоваты размеры;-
КМ;конструкция;габариты;габаритная;-
КМ;конструкция;габариты;габариты устройства идеальны для любой кухни;+
КМ;конструкция;габариты;громоздкая;-
КМ;конструкция;габариты;громоздкий;-
КМ;конструкция;габариты;занимает мало места;+
КМ;конструкция;габариты;идеальна для маленькой кухни;+
КМ;конструкция;габариты;компактна;+
КМ;конструкция;габариты;компактная;+
КМ;конструкция;габариты;компактнее;+
КМ;конструкция;габариты;компактность;+
КМ;конструкция;габариты;компактные размеры;+
КМ;конструкция;габариты;компактный ;+
КМ;конструкция;габариты;комфортные размеры;+
КМ;конструкция;габариты;легко помещается практически везде;+
КМ;конструкция;габариты;маленькая;+
КМ;конструкция;габариты;малогабаритная;+
КМ;конструкция;габариты;малые габариты;+
КМ;конструкция;габариты;малыш;+
КМ;конструкция;габариты;малышка;+
КМ;конструкция;габариты;малютка;+
КМ;конструкция;габариты;массивная;-
КМ;конструкция;габариты;место экономит;+
КМ;конструкция;габариты;миниатюрная;+
КМ;конструкция;габариты;не большая;+
КМ;конструкция;габариты;небольшая;+
КМ;конструкция;габариты;небольшой;+
КМ;конструкция;габариты;небольшой размер;+
КМ;конструкция;габариты;немаленькие размеры;-
КМ;конструкция;габариты;отлично поместилась на моей кухне;+
КМ;конструкция;габариты;поместится в любой уголок;+
КМ;конструкция;габариты;прекрасно вмещается между кухонной тумбой и подвесным ящиком;+
КМ;конструкция;габариты;тонкая;+
КМ;конструкция;габариты;удачно разместилась;+
КМ;конструкция;габариты;удобный размер;+
КМ;конструкция;габариты;уже чем старая;+
КМ;конструкция;габариты;узенькая;+
КМ;конструкция;габариты;узкая;+
КМ;конструкция;давление пара;быстро иссякает давление пара;-
КМ;конструкция;давление пара;быстрое образование пара;+
КМ;конструкция;давление пара;высокое давление;+
КМ;конструкция;давление пара;давление не соответствует указанному;-
КМ;конструкция;давление пара;давление недостаточно;-
КМ;конструкция;давление пара;давления мало;-
КМ;конструкция;давление пара;заявленное давление далеко не соответствует реальному;-
КМ;конструкция;давление пара;не хватает давления;-
КМ;конструкция;давление пара;хорошее давление;+
КМ;конструкция;емкость для воды (резервуар для воды, бак для воды);большая емкость ;+
КМ;конструкция;емкость для воды (резервуар для воды, бак для воды);большой объем;+
КМ;конструкция;емкость для воды (резервуар для воды, бак для воды);большой резервуар;+
КМ;конструкция;емкость для воды (резервуар для воды, бак для воды);быстро заканчивается вода;-
КМ;конструкция;емкость для воды (резервуар для воды, бак для воды);вместительная емкость для воды;+
КМ;конструкция;емкость для воды (резервуар для воды, бак для воды);вместительный бак для воды;+
КМ;конструкция;емкость для воды (резервуар для воды, бак для воды);маленький размер;+
КМ;конструкция;емкость для воды (резервуар для воды, бак для воды);маленький резервуар;-
КМ;конструкция;емкость для воды (резервуар для воды, бак для воды);маловат бак;-
КМ;конструкция;емкость для воды (резервуар для воды, бак для воды);малый резервуар;-
КМ;конструкция;емкость для воды (резервуар для воды, бак для воды);минимален резервуар;-
КМ;конструкция;емкость для воды (резервуар для воды, бак для воды);небольшой объем;-
КМ;конструкция;емкость для воды (резервуар для воды, бак для воды);Небольшой объём ёмкости для воды;-
КМ;конструкция;емкость для воды (резервуар для воды, бак для воды);небольшой объем контейнера для воды;-
КМ;конструкция;емкость для воды (резервуар для воды, бак для воды);несерьёзный объем;-
КМ;конструкция;емкость для воды (резервуар для воды, бак для воды);оптимальный объем;+
КМ;конструкция;капучинатор;автоматический капучинатор;+
КМ;конструкция;капучинатор;бесовская штуковина;-
КМ;конструкция;капучинатор;короткий капучинатор;-
КМ;конструкция;капучинатор;мощный капучинатор;+
КМ;конструкция;капучинатор;"ненужный ""аппендикс""";-
КМ;конструкция;капучинатор;непонятный;-
КМ;конструкция;капучинатор;нерабочий;-
КМ;конструкция;капучинатор;отличный капучинатор;+
КМ;конструкция;капучинатор;плохой капучинатор;-
КМ;конструкция;капучинатор;приятно удивил;+
КМ;конструкция;капучинатор;работает на ура;+
КМ;конструкция;капучинатор;работает хорошо;+
КМ;конструкция;капучинатор;самый лучший;+
КМ;конструкция;капучинатор;своеобразный;-
КМ;конструкция;капучинатор;слабоват капучинатор;-
КМ;конструкция;капучинатор;странный;-
КМ;конструкция;капучинатор;удобный капучинатор;+
КМ;конструкция;капучинатор;хлипкий;-
КМ;конструкция;конструкция;в восторге от конструкции;+
КМ;конструкция;конструкция;длинее провод;+
КМ;конструкция;конструкция;есть дозатор, который определяет количество зерна для того числа чашек, которое вам нужно;+
КМ;конструкция;конструкция;есть емкость для хранения кофе;+
КМ;конструкция;конструкция;Есть капучинатор;+
КМ;конструкция;конструкция;есть контейнер для отходов;+
КМ;конструкция;конструкция;есть увеличенный фильтр для 2 чашек кофе;+
КМ;конструкция;конструкция;исцарапалась;-
КМ;конструкция;конструкция;короткий шнур;-
КМ;конструкция;конструкция;коротковат провод;-
КМ;конструкция;конструкция;коротковат шнур;-
КМ;конструкция;конструкция;легко доставать;+
КМ;конструкция;конструкция;легко извлекается жмых;+
КМ;конструкция;конструкция;маленькие порции;-
КМ;конструкция;конструкция;маленькое пространство для чашек;+
КМ;конструкция;конструкция;маловат рожок для кофе;-
КМ;конструкция;конструкция;мешает;-
КМ;конструкция;конструкция;можно использовать большую чашку;+
КМ;конструкция;конструкция;можно поставить высокую чашку;+
КМ;конструкция;конструкция;можно поставить любую кружку;+
КМ;конструкция;конструкция;не дает заявленных объемов;-
КМ;конструкция;конструкция;не надо подвергать себя риску быть ошпаренным горячим паром;+
КМ;конструкция;конструкция;не регулируется высота кружки;-
КМ;конструкция;конструкция;не хватает отсека для сброса отработанных капсул;-
КМ;конструкция;конструкция;не хватает шкалы измерения сбоку на резервуаре с водой;-
КМ;конструкция;конструкция;невнятная установка рожка;-
КМ;конструкция;конструкция;недолговечная конструкция;-
КМ;конструкция;конструкция;некачественное исполнение;-
КМ;конструкция;конструкция;Нет в комплекте второго сита;-
КМ;конструкция;конструкция;Нет второй емкости для промывки капучинатора;-
КМ;конструкция;конструкция;Нет дозатора;-
КМ;конструкция;конструкция;Нет емкости для отработанных капсул в комплекте;-
КМ;конструкция;конструкция;Нет регулируемых по весу таблеток;-
КМ;конструкция;конструкция;нет четкости фиксации;-
КМ;конструкция;конструкция;неудобная ёмкость для воды;-
КМ;конструкция;конструкция;неудобно вынимать кофейный фильтр;-
КМ;конструкция;конструкция;неудобное боковое располжение загрузки молотого кофе;-
КМ;конструкция;конструкция;опасаюсь отломать ручку от рожка при затягивании;-
КМ;конструкция;конструкция;оставляет желать лучшего качество комплектующих;-
КМ;конструкция;конструкция;оставлять желать лучшего герметичность крышки ;-
КМ;конструкция;конструкция;отвратительная конструкция;-
КМ;конструкция;конструкция;отсек для молотого кофе очень неудобный;-
КМ;конструкция;конструкция;Отсутствие в некоторых комплектах малого фильтра для кофе;-
КМ;конструкция;конструкция;отсутствие лотка для хранения ложечки и дополнительной насадки;-
КМ;конструкция;конструкция;подаётся слабо;-
КМ;конструкция;конструкция;подставка не удобная;-
КМ;конструкция;конструкция;позволяет вытряхивать использованный кофе без проблем;+
КМ;конструкция;конструкция;приходится + инфинитив (приходится её убирать а потом ставить);-
КМ;конструкция;конструкция;продуманная конструкция;+
КМ;конструкция;конструкция;сам фильтр очень острый;-
КМ;конструкция;конструкция;слабоват;-
КМ;конструкция;конструкция;удобно выдвигается бак для воды;+
КМ;конструкция;конструкция;удобное расположение всех рабочих элементов;+
КМ;конструкция;конструкция;Удобный залив воды сбоку;+
КМ;конструкция;конструкция;хлипкие кнопки;-
КМ;конструкция;конструкция;хлипкость конструкции;-
КМ;конструкция;конструкция;царапается;-
КМ;конструкция;материалы;всё мерзкое от ржавчины;-
КМ;конструкция;материалы;глянцевая;-
КМ;конструкция;материалы;гниет;-
КМ;конструкция;материалы;дешевый пластик;-
КМ;конструкция;материалы;дорогие материалы;+
КМ;конструкция;материалы;заляпанная;-
КМ;конструкция;материалы;качественные;+
КМ;конструкция;материалы;качество материалов достойное;+
КМ;конструкция;материалы;керамические жернова;+
КМ;конструкция;материалы;легко пачкается;-
КМ;конструкция;материалы;легко царапается;-
КМ;конструкция;материалы;маркий пластик;-
КМ;конструкция;материалы;некачественные;-
КМ;конструкция;материалы;нормальный материал ручки фильтра;+
КМ;конструкция;материалы;окисляется;-
КМ;конструкция;материалы;опасный для здоровья из-за корозии;-
КМ;конструкция;материалы;паршивое качество пластика;-
КМ;конструкция;материалы;плохое качество;-
КМ;конструкция;материалы;покрылось оксидами вся внутренняя часть сопла;-
КМ;конструкция;материалы;поржавел держатель внутри;-
КМ;конструкция;материалы;приличное качество материалов;+
КМ;конструкция;материалы;приятен на ощупь;+
КМ;конструкция;материалы;прочный;+
КМ;конструкция;материалы;тонкий пластик;-
КМ;конструкция;материалы;хрупкий материал;+
КМ;конструкция;материалы;царапается место под размещение чашки;-
КМ;конструкция;материалы;царапаются;-
КМ;конструкция;сборка;без деффектов;+
КМ;конструкция;сборка;добротная сборка;+
КМ;конструкция;сборка;качественная сборка;+
КМ;конструкция;сборка;качественно;+
КМ;конструкция;сборка;Качественно сделана;+
КМ;конструкция;сборка;Качественно собрана;+
КМ;конструкция;сборка;качество сборки хорошее;+
КМ;конструкция;сборка;криво;-
КМ;конструкция;сборка;люфтит;-
КМ;конструкция;сборка;на редкость солидная;+
КМ;конструкция;сборка;на уровне;+
КМ;конструкция;сборка;надёжная;+
КМ;конструкция;сборка;низкое качество сборки;-
КМ;конструкция;сборка;основательность;+
КМ;конструкция;сборка;отвратная сборка;-
КМ;конструкция;сборка;отличная сборка;+
КМ;конструкция;сборка;отличное качество сборки;+
КМ;конструкция;сборка;падающее качество сборки;-
КМ;конструкция;сборка;ровно подогнано;+
КМ;конструкция;сборка;сделано все толково;+
КМ;конструкция;сборка;скрипит;-
КМ;конструкция;сборка;собрана нормально;+
КМ;кофе;кофе;аромaтный;+
КМ;кофе;кофе;ароматный;+
КМ;кофе;кофе;безумно вкусный ;+
КМ;кофе;кофе;безупречный;+
КМ;кофе;кофе;бесподобный;+
КМ;кофе;кофе;благородный;+
КМ;кофе;кофе;бледный;-
КМ;кофе;кофе;бодрящий;+
КМ;кофе;кофе;божественный;+
КМ;кофе;кофе;бомба;+
КМ;кофе;кофе;бурда;-
КМ;кофе;кофе;быстрый;+
КМ;кофе;кофе;великолепное качество кофе;+
КМ;кофе;кофе;великолепный;+
КМ;кофе;кофе;вкус достойный;+
КМ;кофе;кофе;вкус не передать;+
КМ;кофе;кофе;вкуснее;+
КМ;кофе;кофе;вкуснейший;+
КМ;кофе;кофе;вкуснейший напиток;+
КМ;кофе;кофе;вкусное;+
КМ;кофе;кофе;вкусное капучино;+
КМ;кофе;кофе;вкусный;+
КМ;кофе;кофе;вкусный-вкусный;+
КМ;кофе;кофе;вкуснющий;+
КМ;кофе;кофе;водянистый;-
КМ;кофе;кофе;волшебный;+
КМ;кофе;кофе;восторг;+
КМ;кофе;кофе;высокое качество;+
КМ;кофе;кофе;высококачественный;+
КМ;кофе;кофе;высший пилотаж;+
КМ;кофе;кофе;глубокий вкус;+
КМ;кофе;кофе;горький;-
КМ;кофе;кофе;готовит лучше, чем в МакДональдс, на заправках и т.п. ;+
КМ;кофе;кофе;грамотный;+
КМ;кофе;кофе;грандиозный;+
КМ;кофе;кофе;грязная водичка;-
КМ;кофе;кофе;добротный;+
КМ;кофе;кофе;достойно;+
КМ;кофе;кофе;достойный;+
КМ;кофе;кофе;душистый;+
КМ;кофе;кофе;жижа;-
КМ;кофе;кофе;замечательный;+
КМ;кофе;кофе;игрушечный;-
КМ;кофе;кофе;идеальный;+
КМ;кофе;кофе;изумительный;+
КМ;кофе;кофе;как в кафе;+
КМ;кофе;кофе;как в кофейнях;+
КМ;кофе;кофе;как вода;-
КМ;кофе;кофе;как кофе три в одном по вкусу;-
КМ;кофе;кофе;как на картинке;+
КМ;кофе;кофе;качественный;+
КМ;кофе;кофе;качественный напиток;+
КМ;кофе;кофе;кислый;-
КМ;кофе;кофе;классный;+
КМ;кофе;кофе;кофе на высшем уровне;+
КМ;кофе;кофе;кофе просто супер;+
КМ;кофе;кофе;кофе самое то;+
КМ;кофе;кофе;кофе слабый;-
КМ;кофе;кофе;кофе сложно назвать;-
КМ;кофе;кофе;кофе супер;+
КМ;кофе;кофе;кофе так себе;-
КМ;кофе;кофе;красивый;+
КМ;кофе;кофе;крепкий;+
КМ;кофе;кофе;крепкий-крепкий;+
КМ;кофе;кофе;крепковатый;+
КМ;кофе;кофе;крепость хромает;-
КМ;кофе;кофе;крепче;+
КМ;кофе;кофе;лёгкий;+
КМ;кофе;кофе;лучше чем в макдональдсе или кфс;+
КМ;кофе;кофе;лучше чем во многих кафе;+
КМ;кофе;кофе;лучше чем просто растворимый;+
КМ;кофе;кофе;любимый капучино;+
КМ;кофе;кофе;масляный;-
КМ;кофе;кофе;мерзкий;-
КМ;кофе;кофе;металлический привкус кофе;-
КМ;кофе;кофе;мощный;+
КМ;кофе;кофе;мягкий;+
КМ;кофе;кофе;на высоте вкус;+
КМ;кофе;кофе;на любой вкус;+
КМ;кофе;кофе;на уровне профессиональных аппаратов в кофейнях;+
КМ;кофе;кофе;наваристый;+
КМ;кофе;кофе;наслаждаюсь вкусом;+
КМ;кофе;кофе;настоящий;+
КМ;кофе;кофе;насыщенее;+
КМ;кофе;кофе;насыщенней;+
КМ;кофе;кофе;насыщенный;+
КМ;кофе;кофе;насыщенный вкус;+
КМ;кофе;кофе;нахваливать кофе;+
КМ;кофе;кофе;не айс;-
КМ;кофе;кофе;не сравнится ни с одной кофейней;+
КМ;кофе;кофе;не такой, как в маке;-
КМ;кофе;кофе;не уступит любой кофейне;+
КМ;кофе;кофе;не хуже чем в кафе;+
КМ;кофе;кофе;не хуже чем в кофейнях;+
КМ;кофе;кофе;не хуже чем во всяких кофейнях;+
КМ;кофе;кофе;невероятный;+
КМ;кофе;кофе;невкусный;-
КМ;кофе;кофе;недоразумение;-
КМ;кофе;кофе;недурной;+
КМ;кофе;кофе;недурный;+
КМ;кофе;кофе;недурственный;+
КМ;кофе;кофе;нежный вкус;+
КМ;кофе;кофе;некачественный;-
КМ;кофе;кофе;некрепкий;-
КМ;кофе;кофе;неплохой;+
КМ;кофе;кофе;никакой;-
КМ;кофе;кофе;нормальный кофе;+
КМ;кофе;кофе;нравится вкус;+
КМ;кофе;кофе;обaлдeть;+
КМ;кофе;кофе;обалденный;+
КМ;кофе;кофе;обалденный аромат;+
КМ;кофе;кофе;обалденный капучино;+
КМ;кофе;кофе;объективно хороший;+
КМ;кофе;кофе;обычный;+
КМ;кофе;кофе;одинаковый;-
КМ;кофе;кофе;оригинальный;+
КМ;кофе;кофе;оставляет желать лучше;-
КМ;кофе;кофе;отвратительный;-
КМ;кофе;кофе;отвратный;-
КМ;кофе;кофе;отвратный по вкусу;-
КМ;кофе;кофе;отлично бодрит;+
КМ;кофе;кофе;отличный аромат;+
КМ;кофе;кофе;отличный вкус;+
КМ;кофе;кофе;отличный кофе;+
КМ;кофе;кофе;отменный;+
КМ;кофе;кофе;отменный вкус;+
КМ;кофе;кофе;отменный капучино;+
КМ;кофе;кофе;офигенный;+
КМ;кофе;кофе;палёный;-
КМ;кофе;кофе;пенный;+
КМ;кофе;кофе;плотный;+
КМ;кофе;кофе;плохой кофе;-
КМ;кофе;кофе;по уровню вкуса не уступает модели классом выше;+
КМ;кофе;кофе;по-домашнему;+
КМ;кофе;кофе;пойло;-
КМ;кофе;кофе;полноценный;+
КМ;кофе;кофе;помои;-
КМ;кофе;кофе;понравилось капучино;+
КМ;кофе;кофе;порадовал капучино;+
КМ;кофе;кофе;посредственный;-
КМ;кофе;кофе;потрясающий вкус;+
КМ;кофе;кофе;правильный;+
КМ;кофе;кофе;превосходный;+
КМ;кофе;кофе;превосходный вкус;+
КМ;кофе;кофе;превосходный капучино;+
КМ;кофе;кофе;прекрасный;+
КМ;кофе;кофе;прекрасный капучино;+
КМ;кофе;кофе;привкус резины;-
КМ;кофе;кофе;приемлемый по вкусу;+
КМ;кофе;кофе;приличного качества;+
КМ;кофе;кофе;приличный;+
КМ;кофе;кофе;пристойный;+
КМ;кофе;кофе;приятный;+
КМ;кофе;кофе;просто песня;+
КМ;кофе;кофе;простой;+
КМ;кофе;кофе;противный;-
КМ;кофе;кофе;противный на вкус;-
КМ;кофе;кофе;профессиональный;+
КМ;кофе;кофе;разбавленный;-
КМ;кофе;кофе;роскошный;+
КМ;кофе;кофе;сбалансированный;+
КМ;кофе;кофе;свежий;+
КМ;кофе;кофе;сверхкрепкий;+
КМ;кофе;кофе;сногсшибательный;+
КМ;кофе;кофе;сносный;+
КМ;кофе;кофе;средненький;-
КМ;кофе;кофе;средний;-
КМ;кофе;кофе;стоящий;+
КМ;кофе;кофе;суперский;+
КМ;кофе;кофе;терпкий;+
КМ;кофе;кофе;толковый;+
КМ;кофе;кофе;тягучий;+
КМ;кофе;кофе;тянет резиной;-
КМ;кофе;кофе;ужасный;-
КМ;кофе;кофе;уровня кофемашин в кафе/офисах;+
КМ;кофе;кофе;утонченный;+
КМ;кофе;кофе;холодный;-
КМ;кофе;кофе;хорошего качества;+
КМ;кофе;кофе;хороший;+
КМ;кофе;кофе;хуже;-
КМ;кофе;кофе;чистый;+
КМ;кофе;кофе;чудесный;+
КМ;кофе;кофе;шикарный;+
КМ;кофе;кофе;ширпотребный;-
КМ;кофе;кофе;экстаз;+
КМ;кофе;кофе;элементарный;+
КМ;кофе;кофе;элитный;+
КМ;кофе;кофе;"эспрессо реально ""вставляет""";+
КМ;кофе;кофе;эстетичный;+
КМ;кофе;кофе;ядрёный;+
КМ;кофе;пенка;аппетитная;+
КМ;кофе;пенка;ароматная;+
КМ;кофе;пенка;большая;+
КМ;кофе;пенка;быстрооседающая;-
КМ;кофе;пенка;в шоке от пенки;+
КМ;кофе;пенка;великолепная;+
КМ;кофе;пенка;вкусная;+
КМ;кофе;пенка;вкуснейшая;+
КМ;кофе;пенка;вкусное плотное облачко;+
КМ;кофе;пенка;воздушная;+
КМ;кофе;пенка;волшебная;+
КМ;кофе;пенка;восхитительная;+
КМ;кофе;пенка;высокая;+
КМ;кофе;пенка;высоченная;+
КМ;кофе;пенка;вялая;-
КМ;кофе;пенка;густая;+
КМ;кофе;пенка;густейшая;+
КМ;кофе;пенка;двойная;+
КМ;кофе;пенка;добротная;+
КМ;кофе;пенка;достойная;+
КМ;кофе;пенка;естественная;+
КМ;кофе;пенка;жалкое подобие пенки;-
КМ;кофе;пенка;жирная;+
КМ;кофе;пенка;замечательная;+
КМ;кофе;пенка;зашибись;+
КМ;кофе;пенка;знаменитая;+
КМ;кофе;пенка;золотистая;+
КМ;кофе;пенка;идеальна;+
КМ;кофе;пенка;идеальная;+
КМ;кофе;пенка;изумительная;+
КМ;кофе;пенка;интересная;+
КМ;кофе;пенка;исключительная;+
КМ;кофе;пенка;как в рекламе;+
КМ;кофе;пенка;как с картинки;+
КМ;кофе;пенка;какая-никакая;+
КМ;кофе;пенка;качественная ;+
КМ;кофе;пенка;классная;+
КМ;кофе;пенка;красивая;+
КМ;кофе;пенка;красота пенки зашкаливает;+
КМ;кофе;пенка;кремовая;+
КМ;кофе;пенка;крепкая;+
КМ;кофе;пенка;крутая;+
КМ;кофе;пенка;легкая;+
КМ;кофе;пенка;лёгкая;+
КМ;кофе;пенка;ложка стоит;+
КМ;кофе;пенка;максимальная;+
КМ;кофе;пенка;малая;-
КМ;кофе;пенка;маслянистая;-
КМ;кофе;пенка;махонькая;-
КМ;кофе;пенка;мелкопористая;+
КМ;кофе;пенка;многослойная;+
КМ;кофе;пенка;мощная;+
КМ;кофе;пенка;наихорошая;+
КМ;кофе;пенка;настоящая;+
КМ;кофе;пенка;не падает вообще;+
КМ;кофе;пенка;нежная;+
КМ;кофе;пенка;неплохая;+
КМ;кофе;пенка;неустойчивая;-
КМ;кофе;пенка;никакая;-
КМ;кофе;пенка;нормальная;+
КМ;кофе;пенка;обалденная;+
КМ;кофе;пенка;обильная;+
КМ;кофе;пенка;огромная;+
КМ;кофе;пенка;однородная;+
КМ;кофе;пенка;отвратительная;-
КМ;кофе;пенка;отвратная;-
КМ;кофе;пенка;отличная;+
КМ;кофе;пенка;отличнейшая;+
КМ;кофе;пенка;отменная;+
КМ;кофе;пенка;офигенная;+
КМ;кофе;пенка;очень даже;+
КМ;кофе;пенка;пенка адекватная;+
КМ;кофе;пенка;пенка до небес;+
КМ;кофе;пенка;пенка-шапочка;+
КМ;кофе;пенка;пены мало;-
КМ;кофе;пенка;плотная;+
КМ;кофе;пенка;плотнейшая;+
КМ;кофе;пенка;плотненькая;+
КМ;кофе;пенка;плохая;-
КМ;кофе;пенка;получается очень много;+
КМ;кофе;пенка;понравилась;+
КМ;кофе;пенка;правильная;+
КМ;кофе;пенка;превосходная;+
КМ;кофе;пенка;прекрасная;+
КМ;кофе;пенка;приличная;+
КМ;кофе;пенка;приятная;+
КМ;кофе;пенка;просто бомба;+
КМ;кофе;пенка;пушистая;+
КМ;кофе;пенка;пышная;+
КМ;кофе;пенка;ровная;+
КМ;кофе;пенка;с мелкими пузырьками;+
КМ;кофе;пенка;сказка;+
КМ;кофе;пенка;слабая;-
КМ;кофе;пенка;слабовата;-
КМ;кофе;пенка;сладкая;+
КМ;кофе;пенка;сносная;+
КМ;кофе;пенка;сохраняется долго;+
КМ;кофе;пенка;стойкая;+
КМ;кофе;пенка;стоячая;+
КМ;кофе;пенка;супер;+
КМ;кофе;пенка;терпимая;+
КМ;кофе;пенка;толстая;+
КМ;кофе;пенка;тонкая;-
КМ;кофе;пенка;умеренная;+
КМ;кофе;пенка;уникальная;+
КМ;кофе;пенка;упругая;+
КМ;кофе;пенка;устойчивая;+
КМ;кофе;пенка;холодная;-
КМ;кофе;пенка;хорошая;+
КМ;кофе;пенка;хорошо держится;+
КМ;кофе;пенка;через раз;-
КМ;кофе;пенка;чудесная;+
КМ;кофе;пенка;чудная;+
КМ;кофе;пенка;чудо;+
КМ;кофе;пенка;шикарная;+
КМ;кофе;пенка;шустро уменьшается;-
КМ;кофе;пенка;эффектная;+
КМ;кофе;температура кофе;высокая температура;+
КМ;кофе;температура кофе;горячий;+
КМ;кофе;температура кофе;кипяток;-
КМ;кофе;температура кофе;недостаточная;-
КМ;кофе;температура кофе;нравится температура;+
КМ;кофе;температура кофе;нужная температура;+
КМ;кофе;температура кофе;обжигающий;-
КМ;кофе;температура кофе;порадовала;+
КМ;кофе;температура кофе;Приятно удивило;+
КМ;кофе;температура кофе;теплое;-
КМ;кофе;температура кофе;теплый;-
КМ;срок службы;срок службы; отключается (капучинатор);-
КМ;срок службы;срок службы;адекватно не работает капучинатор;-
КМ;срок службы;срок службы;большая гарантия;+
КМ;срок службы;срок службы;быстро ломается;-
КМ;срок службы;срок службы;быстро ломаются;-
КМ;срок службы;срок службы;быстро произошла первая поломка;-
КМ;срок службы;срок службы;быстро сломалась;-
КМ;срок службы;срок службы;вечная;+
КМ;срок службы;срок службы;вечно ломающейся;-
КМ;срок службы;срок службы;вода перестала литься из рожка;-
КМ;срок службы;срок службы;высокий сервис;+
КМ;срок службы;срок службы;вышла из строя через три дня;-
КМ;срок службы;срок службы;дал сбой;-
КМ;срок службы;срок службы;дала течь;-
КМ;срок службы;срок службы;долгие годы службы;+
КМ;срок службы;срок службы;долговечная;+
КМ;срок службы;срок службы;ежегодно ломается;-
КМ;срок службы;срок службы;ежегодно ломается капучинатор;-
КМ;срок службы;срок службы;живет в авральном режиме не первый месяц;+
КМ;срок службы;срок службы;забарахлила;-
КМ;срок службы;срок службы;иногда ломается;-
КМ;срок службы;срок службы;исправно работает;+
КМ;срок службы;срок службы;короткий срок пользования;-
КМ;срок службы;срок службы;косячит капучинатор;-
КМ;срок службы;срок службы;маленький срок службы;-
КМ;срок службы;срок службы;на ремонте уже второй месяц ;-
КМ;срок службы;срок службы;надежная;+
КМ;срок службы;срок службы;накрылась;-
КМ;срок службы;срок службы;накрылся;-
КМ;срок службы;срок службы;накрылся каппучинатор;-
КМ;срок службы;срок службы;начал происходить какой-то бред;-
КМ;срок службы;срок службы;начала зависать;-
КМ;срок службы;срок службы;начала моргать всеми кнопками и ни на какие пляски с бубном уже больше не реагировала;-
КМ;срок службы;срок службы;начала подтекать;-
КМ;срок службы;срок службы;начались глюки;-
КМ;срок службы;срок службы;начались проблемы;-
КМ;срок службы;срок службы;неремонтопригодна;-
КМ;срок службы;срок службы;неубиваема;+
КМ;срок службы;срок службы;неубиваемая;+
КМ;срок службы;срок службы;неубиваемость;+
КМ;срок службы;срок службы;отвратительный сервис;-
КМ;срок службы;срок службы;отказалась включаться;-
КМ;срок службы;срок службы;отказалась готовить мой любимый капучино;-
КМ;срок службы;срок службы;отказывыется нормально работать;-
КМ;срок службы;срок службы;отломалось ушко-держатель рожка;+
КМ;срок службы;срок службы;отработала менее четырех месяцев;-
КМ;срок службы;срок службы;пена практически исчезла;-
КМ;срок службы;срок службы;перестал работать нагрев воды;-
КМ;срок службы;срок службы;перестала варить капуччино;-
КМ;срок службы;срок службы;перестала выпускать воду для кофе;-
КМ;срок службы;срок службы;перестала лить воду;-
КМ;срок службы;срок службы;перестала молоть кофе;-
КМ;срок службы;срок службы;перестала пенить свою знаменитую пенку;-
КМ;срок службы;срок службы;перестала работать;-
КМ;срок службы;срок службы;перестала работать функция отключения;-
КМ;срок службы;срок службы;подтекать из-под резервуара с водой;-
КМ;срок службы;срок службы;полетел варочный блок;-
КМ;срок службы;срок службы;поломался клапан;-
КМ;срок службы;срок службы;попался брак;-
КМ;срок службы;срок службы;постоянно ломается;-
КМ;срок службы;срок службы;постоянно ломаются;-
КМ;срок службы;срок службы;потек контейнер для воды;-
КМ;срок службы;срок службы;протекала вода в месте контакта бака с корпусом кофеварки. Обнаружил это, когда курьер уже уехал. Повезло, что без проблем сдал ;-
КМ;срок службы;срок службы;проявился дефект;-
КМ;срок службы;срок службы;работает безотказно;+
КМ;срок службы;срок службы;работает исправно;+
КМ;срок службы;срок службы;работала как часы;+
КМ;срок службы;срок службы;радует сервис;+
КМ;срок службы;срок службы;редко ломаются;+
КМ;срок службы;срок службы;рекордсмен по долголетию;+
КМ;срок службы;срок службы;сдох мотор;-
КМ;срок службы;срок службы;сломалась;-
КМ;срок службы;срок службы;сломалась (через месяц активного использования);-
КМ;срок службы;срок службы;сломалась она на третьей неделе эксплуатации;-
КМ;срок службы;срок службы;сломалась плата управления;-
КМ;срок службы;срок службы;сломалась через два месяца;-
КМ;срок службы;срок службы;сломалась через месяц;-
КМ;срок службы;срок службы;сломался механизм вкл-выкл;-
КМ;срок службы;срок службы;сразу ломается;-
КМ;срок службы;срок службы;стал плохо работать;-
КМ;срок службы;срок службы;стал течь бачок для воды при вынимании его;-
КМ;срок службы;срок службы;стала зависать;-
КМ;срок службы;срок службы;стала протекать;-
КМ;срок службы;срок службы;тек контейнер с водой;-
КМ;срок службы;срок службы;треснула колба для воды;-
КМ;срок службы;срок службы;треснула трубка капучинатора;-
КМ;срок службы;срок службы;часто ломается;-
КМ;срок службы;срок службы;часто ломаются;-
КМ;срок службы;срок службы;через 1.5 года сгорело электронное плато;-
КМ;срок службы;срок службы;через раз срабатывать кнопка включения/выключения;-
КМ;уход;уход;2 раза пришлось делать декальцинацию;-
КМ;уход;уход;в уходе не заметил трудностей;-
КМ;уход;уход;довольно часто нужно промывать всю систему;-
КМ;уход;уход;долго надо промывать бачок для молока и его детали;-
КМ;уход;уход;замороченная декальцинация;-
КМ;уход;уход;заморочки с обслуживанием;-
КМ;уход;уход;изредка чистить;+
КМ;уход;уход;легка в обслуживании;+
КМ;уход;уход;легкая очистка;+
КМ;уход;уход;легкая очистка сливного поддона;+
КМ;уход;уход;легко моется;+
КМ;уход;уход;легко мыть;+
КМ;уход;уход;легко обслуживать;+
КМ;уход;уход;легко промывается;+
КМ;уход;уход;легко разбирается;+
КМ;уход;уход;легко ухаживать;+
КМ;уход;уход;легко чистить;+
КМ;уход;уход;минимум обслуживания;+
КМ;уход;уход;морока;-
КМ;уход;уход;мыть ничего не надо;+
КМ;уход;уход;надо часто чистить;-
КМ;уход;уход;не нуждается в обслуживании;+
КМ;уход;уход;не требует никакого ухода;+
КМ;уход;уход;не требует чего-либо (не требует особо сложного ухода);+
КМ;уход;уход;не требует чего-либо (почти не требует обслуживания);+
КМ;уход;уход;не требующая дополнительных трат на средства для очистки;+
КМ;уход;уход;неприхотлива;+
КМ;уход;уход;неприхотливая;+
КМ;уход;уход;неприхотливая в обслуживании;+
КМ;уход;уход;неприхотливость в чистке;+
КМ;уход;уход;несложный уход;+
КМ;уход;уход;нет необходимости каждый раз мыть ёмкость для молока;+
КМ;уход;уход;неудобно мыть;-
КМ;уход;уход;неудобно промывать ёмкость для стёкшей воды;-
КМ;уход;уход;неудобно чистить;-
КМ;уход;уход;ничего мыть не надо;+
КМ;уход;уход;нужна частая чистка;-
КМ;уход;уход;нужно вовремя подставлять стаканы,сама моется без предупреждения;-
КМ;уход;уход;очень часто требует очистки;-
КМ;уход;уход;очистка кофеварки от накипи спецсредством - это тоже квест;-
КМ;уход;уход;постоянно мыть;+
КМ;уход;уход;потом руками приходиться мыть трубки от остатков молока;-
КМ;уход;уход;прекрасно моются;+
КМ;уход;уход;приходится некоторые детали мыть вручную;-
КМ;уход;уход;прихотлива;-
КМ;уход;уход;простая в обслуживании;+
КМ;уход;уход;простейшая;+
КМ;уход;уход;простота обслуживания;+
КМ;уход;уход;регулярно мыть;-
КМ;уход;уход;рожок чистить неудобно;-
КМ;уход;уход;сложно мыть;-
КМ;уход;уход;сложности в мытье;-
КМ;уход;уход;требовательна в уходе;-
КМ;уход;уход;требует много  времени;-
КМ;уход;уход;требует частого обслуживания;-
КМ;уход;уход;требует чистки от накипи дорогим средством;-
КМ;уход;уход;трудно мыть;-
КМ;уход;уход;удобная в обслуживании;+
КМ;уход;уход;удобно моется;+
КМ;уход;уход;удобно мыть;+
КМ;уход;уход;удобно чистить;+
КМ;уход;уход;удобство в обслуживании;+
КМ;уход;уход;удобство мойки;+
КМ;уход;уход;часто мыть;-
КМ;уход;уход;часто требует очистку;-
КМ;уход;уход;часто чистить;-
КМ;уход;уход;частые чистки;-
КМ;уход;уход;Чистить одно удовольствие;+
КМ;уход;уход;чистюля;+
КМ;функциональность;подогрев;греет неплохо;+
КМ;функциональность;подогрев;имитация;-
КМ;функциональность;подогрев;нагрев посуды реализован на данной модели неудачно;-
КМ;функциональность;подогрев;номинальная функция;-
КМ;функциональность;подогрев;номинальный;-
КМ;функциональность;подогрев;плохого нагрева;-
КМ;функциональность;подогрев;поверхность для подогрева чашек греет не сильнее задней панели моего телефона;-
КМ;функциональность;подогрев;Подставка для прогрева кружек, абсолютно бесполезна;-
КМ;функциональность;подогрев;поздний;-
КМ;функциональность;подогрев;Прогревает чашки плохо;-
КМ;функциональность;подогрев;символический;-
КМ;функциональность;подогрев;слабый;-
КМ;функциональность;подогрев;слабый подогрев;-
КМ;функциональность;подогрев;Смысла в подогревателе чашек не узрел;-
КМ;функциональность;подогрев;Чашки греются фиктивно;-
КМ;функциональность;самостоятельность КМ;всё делает сама;+
КМ;функциональность;самостоятельность КМ;сама взбивает;+
КМ;функциональность;самостоятельность КМ;сама моет всю систему;+
КМ;функциональность;самостоятельность КМ;сама отключается;+
КМ;функциональность;самостоятельность КМ;сама очищается;+
КМ;функциональность;самостоятельность КМ;сама прекращает подачу кофе ;+
КМ;функциональность;самостоятельность КМ;сама прочищается;+
КМ;функциональность;самостоятельность КМ;сама себя моет;+
КМ;функциональность;самостоятельность КМ;сама себя промывает после использования;+
КМ;функциональность;функциональность;автоматизация всех процессов;+
КМ;функциональность;функциональность;автоматическое отключение;+
КМ;функциональность;функциональность;автоматическое приготовление;+
КМ;функциональность;функциональность;автоматическое приготовление капучино;+
КМ;функциональность;функциональность;автоотключение;+
КМ;функциональность;функциональность;возможность демонтировать варочный блок для промывки;+
КМ;функциональность;функциональность;возможность использования зернового и молотого кофе;+
КМ;функциональность;функциональность;возможность использования как чалд, так и молотого кофе;+
КМ;функциональность;функциональность;возможность настраивать размер порции, а так же температуру;+
КМ;функциональность;функциональность;возможность отдельного приготовления молочной пенки;+
КМ;функциональность;функциональность;возможность приготовления капучино;+
КМ;функциональность;функциональность;возможность программировать температуру кофе, объем;+
КМ;функциональность;функциональность;возможность регулировки крепости;+
КМ;функциональность;функциональность;возможность регулировки степени помола и объёма пропускаемой воды;+
КМ;функциональность;функциональность;возможность создавать свои рецепты или менять базовые;+
КМ;функциональность;функциональность;возможность что-то программировать такие вещи как объем наполнения чашки, таймер отключения, температуру ну и еще что-то;+
КМ;функциональность;функциональность;все параметры можно довольно тонко под себя настроить;+
КМ;функциональность;функциональность;достойная автоматика;+
КМ;функциональность;функциональность;есть автоматическя промывка молочной системы и всей машинки;+
КМ;функциональность;функциональность;есть возможность выставлять крепость кофе и регулировать температуру его;+
КМ;функциональность;функциональность;есть все что нужно;+
КМ;функциональность;функциональность;есть выбор температуры напитка;+
КМ;функциональность;функциональность;есть одновременное приготовление двух чашек;+
КМ;функциональность;функциональность;есть программирование крепости и температуры кофе;+
КМ;функциональность;функциональность;есть регулировка крепости и температуры кофе;+
КМ;функциональность;функциональность;есть регулировки крепости напитка, количества воды;+
КМ;функциональность;функциональность;есть регялтор крепкости кофе;+
КМ;функциональность;функциональность;есть ручной режим выбора объёма кофе;+
КМ;функциональность;функциональность;есть система очистки;+
КМ;функциональность;функциональность;Есть система самоочистки;+
КМ;функциональность;функциональность;есть таймер отключения 9, 30 минут и 3 часа;+
КМ;функциональность;функциональность;запрограмированны  разные объёмы и крепость;+
КМ;функциональность;функциональность;имеется большое разнообразие разных видов на любой вкус;+
КМ;функциональность;функциональность;имеются все необходимые индикаторы;+
КМ;функциональность;функциональность;куча настраиваемых параметров;+
КМ;функциональность;функциональность;легко можно поменять объем кофе;+
КМ;функциональность;функциональность;малая функциональность;-
КМ;функциональность;функциональность;маловато режимов и настроек;-
КМ;функциональность;функциональность;много программ встроенных рецептов;+
КМ;функциональность;функциональность;много разных видов напитков из кофе;+
КМ;функциональность;функциональность;много регулировок;+
КМ;функциональность;функциональность;многофункциональность;+
КМ;функциональность;функциональность;множество регулируемых настроек;+
КМ;функциональность;функциональность;можно  регулировать как кол-во кофе, так и кол-во молока заливаемого в чашку;+
КМ;функциональность;функциональность;можно все отрегулировать на свой вкус;+
КМ;функциональность;функциональность;можно делать одновременно две чашки кофе;+
КМ;функциональность;функциональность;можно запоминать свои рецепты согласно вашим привычкам;+
КМ;функциональность;функциональность;можно запрограммировать объем и температуру;+
КМ;функциональность;функциональность;можно контролировать размер пенки;+
КМ;функциональность;функциональность;можно настроить количество молока на чашку;+
КМ;функциональность;функциональность;можно открывать когда сами захотим и регулировать пар;+
КМ;функциональность;функциональность;можно отрегулировать температуру кофе;+
КМ;функциональность;функциональность;можно помол сделать какой надо;+
КМ;функциональность;функциональность;можно приготовить очень разные напитки;+
КМ;функциональность;функциональность;можно регирулировать все крепость кофе, а так же его температуру, количество кофе в чашке, количество кофе на чашку;+
КМ;функциональность;функциональность;можно регулировать объем  наливаемого кофе, температуру;+
КМ;функциональность;функциональность;можно хранить молоко прямо в контейнере в холодильнике;+
КМ;функциональность;функциональность;наличие функций программирования кол-ва воды и автоотключения;+
КМ;функциональность;функциональность;не хватает регулятора крепости кофе;-
КМ;функциональность;функциональность;Не хватает регулятора мощности;-
КМ;функциональность;функциональность;невозможно одновременно приготовить две чашки капучино или латте;-
КМ;функциональность;функциональность;нельзя самостоятельно регулировать объем порции;-
КМ;функциональность;функциональность;нельзя сделать большую кружку капучино;-
КМ;функциональность;функциональность;неплохой функционал;+
КМ;функциональность;функциональность;непонятная регулировка крепости;-
КМ;функциональность;функциональность;нет автоматической остановки подачи кофе;-
КМ;функциональность;функциональность;нет дозировки на объем чашки;-
КМ;функциональность;функциональность;нет плавной регулировки объема приготовляемого кофе;-
КМ;функциональность;функциональность;нет противокапельной системы ;-
КМ;функциональность;функциональность;нет регулировок порции;-
КМ;функциональность;функциональность;нет регулятора крепости и переключателя на капучино;-
КМ;функциональность;функциональность;нет ручного режима приготовления пенки;-
КМ;функциональность;функциональность;нет ручной регулировки вспенивания молока;-
КМ;функциональность;функциональность;нет таймера;-
КМ;функциональность;функциональность;нету автоостановки подачи воды в случае опустения резервуара;-
КМ;функциональность;функциональность;об автоматике даже не мечтать;-
КМ;функциональность;функциональность;огромный выбор автоматических программ;+
КМ;функциональность;функциональность;отлично справляется со всеми функциями;+
КМ;функциональность;функциональность;отсутствие возможности работы с молотым кофе;+
КМ;функциональность;функциональность;отсутствие отключения при наполнении кружки;-
КМ;функциональность;функциональность;отсутствие регулировки мощности;-
КМ;функциональность;функциональность;персональные настройки;+
КМ;функциональность;функциональность;полностью автоматизировано;+
КМ;функциональность;функциональность;полный автомат;+
КМ;функциональность;функциональность;практически любые кофейные напитки можно приготовить;+
КМ;функциональность;функциональность;продуманность режимов работы кофемашины;+
КМ;функциональность;функциональность;простая регулировка крепости кофе;+
КМ;функциональность;функциональность;регулировка количества;+
КМ;функциональность;функциональность;регулируется  хорошо крепость;+
КМ;функциональность;функциональность;регулируется все;+
КМ;функциональность;функциональность;стакан с молоком можно вынимать и ставить в холодильник для его дальнейшего использования;+
КМ;функциональность;функциональность;таймера нет;-
КМ;функциональность;функциональность;умеет все;+
КМ;функциональность;функциональность;функциональность;+
КМ;функциональность;функциональность;функциональный;+
КМ;функциональность;функциональность;широкий диапазон регулировок;+
КМ;функциональность;функциональность;элементарная регулировка;+
КМ;цена;соотношение цена - качество;аналогов за такую стоимость у нее просто нет;+
КМ;цена;соотношение цена - качество;безпроблемная за эту цену;+
КМ;цена;соотношение цена - качество;в данной ценовой категории ЭТО лидер;+
КМ;цена;соотношение цена - качество;в свою цену у него просто нет конкурентов;+
КМ;цена;соотношение цена - качество;выбросить деньги на ветер;-
КМ;цена;соотношение цена - качество;деньги на ветер;-
КМ;цена;соотношение цена - качество;для данной ценовой категории,отличный аппарат;+
КМ;цена;соотношение цена - качество;достойная кофеварка за свои деньги;+
КМ;цена;соотношение цена - качество;достойная машина за такие деньги;+
КМ;цена;соотношение цена - качество;жалко потраченных на нее денег;-
КМ;цена;соотношение цена - качество;за свои деньги все устраивает;+
КМ;цена;соотношение цена - качество;за свои деньги отличная вещь;+
КМ;цена;соотношение цена - качество;за свои деньги отлично;+
КМ;цена;соотношение цена - качество;за свои деньги отличный аппарат;+
КМ;цена;соотношение цена - качество;за свои деньги хороший аппарат;+
КМ;цена;соотношение цена - качество;за свои деньги это была отличная покупка;+
КМ;цена;соотношение цена - качество;за свою цену - отличная машина;+
КМ;цена;соотношение цена - качество;за такие деньги вполне себе замечательная кофемашина;+
КМ;цена;соотношение цена - качество;за такие деньги лучше не найти;+
КМ;цена;соотношение цена - качество;за такую цену других машин с автоматическим капучинатором нет;+
КМ;цена;соотношение цена - качество;за такую цену кофеварка просто отличная;+
КМ;цена;соотношение цена - качество;за такую цену отличная кофемашина;+
КМ;цена;соотношение цена - качество;за такую цену- очень хорошо;+
КМ;цена;соотношение цена - качество;за эти деньги в ней есть все;+
КМ;цена;соотношение цена - качество;за эти деньги очень адекватный аппарат;+
КМ;цена;соотношение цена - качество;за эти деньги по-моему идеально;+
КМ;цена;соотношение цена - качество;за эти деньги просто супер;+
КМ;цена;соотношение цена - качество;за эти деньги сложно ожидать большего;-
КМ;цена;соотношение цена - качество;за эти деньги шикарный вариант;+
КМ;цена;соотношение цена - качество;за эти деньги это единственный нормальный вариант с хорошим рейтингом;+
КМ;цена;соотношение цена - качество;за эти деньги, все устраивает;+
КМ;цена;соотношение цена - качество;за эту стоимость лучше кофемашин нету;+
КМ;цена;соотношение цена - качество;за эту цену аналогов нет;+
КМ;цена;соотношение цена - качество;за эту цену лучше ничего не могу представить;+
КМ;цена;соотношение цена - качество;замечательное соотношение цены и качества;+
КМ;цена;соотношение цена - качество;идеальное соотношение цена/качество;+
КМ;цена;соотношение цена - качество;лучшая из кофемашин за эту сумму;+
КМ;цена;соотношение цена - качество;лучше за эти деньги не найдете;+
КМ;цена;соотношение цена - качество;лучшее чего можно добиться за эти деньги;+
КМ;цена;соотношение цена - качество;не стоит этих денег;-
КМ;цена;соотношение цена - качество;нет конкурентов в данной ценовой политике;+
КМ;цена;соотношение цена - качество;оправдывает свои средства;+
КМ;цена;соотношение цена - качество;оптимальное соотношение цена - качество - функционал;+
КМ;цена;соотношение цена - качество;отличная в этой ценовой категории;+
КМ;цена;соотношение цена - качество;отличная вещь за такие деньги;+
КМ;цена;соотношение цена - качество;отличная за свои деньги;+
КМ;цена;соотношение цена - качество;отличная кофеварка за свои деньги;+
КМ;цена;соотношение цена - качество;отличная кофеварка за такие деньги;+
КМ;цена;соотношение цена - качество;отличная модель за такие деньги;+
КМ;цена;соотношение цена - качество;отличное соотношение цена качество;+
КМ;цена;соотношение цена - качество;отличное соотношение цена-качество;+
КМ;цена;соотношение цена - качество;"отличный вариант по соотношению ""цена-качество""";+
КМ;цена;соотношение цена - качество;офигенный за такую цену;+
КМ;цена;соотношение цена - качество;очень хорошая кофеварка для своей ценовой категории;+
КМ;цена;соотношение цена - качество;по соотношению цена/качество хорошая;+
КМ;цена;соотношение цена - качество;по соотношению цена-качество - отличная кофеварка;+
КМ;цена;соотношение цена - качество;подарок от фирмы;+
КМ;цена;соотношение цена - качество;пожалели, что отдали такие деньги;-
КМ;цена;соотношение цена - качество;превосходен за свои 7000-7500 цены;+
КМ;цена;соотношение цена - качество;превосходное соотношение цены и качества;+
КМ;цена;соотношение цена - качество;прекрасное соотношение цены и качества;+
КМ;цена;соотношение цена - качество;прекрасный аппарат для сдержанных в средствах начинающих кофеманов;+
КМ;цена;соотношение цена - качество;просто супер за такую низкую цену;+
КМ;цена;соотношение цена - качество;псевдомашина за такие деньги;-
КМ;цена;соотношение цена - качество;своих денег  стоит;+
КМ;цена;соотношение цена - качество;соответствует цене;+
КМ;цена;соотношение цена - качество;соотношение цена качество выше всяких;+
КМ;цена;соотношение цена - качество;соотношение цена-качество пожалуй лучшее на рынке;+
КМ;цена;соотношение цена - качество;соотношение цена-качество просто отличное;+
КМ;цена;соотношение цена - качество;сочетание цены-качества - оптимальный вариант;+
КМ;цена;соотношение цена - качество;стоит своих денег;+
КМ;цена;соотношение цена - качество;супер соотношение цена-качество;+
КМ;цена;соотношение цена - качество;Такие деньги отдали;-
КМ;цена;соотношение цена - качество;функционал за небольшие деньги;+
КМ;цена;соотношение цена - качество;хорошая кофеварка за свою цену;+
КМ;цена;соотношение цена - качество;"хорошее соотношение ""цена-качество""";+
КМ;цена;соотношение цена - качество;цена=качество;+
КМ;цена;соотношение цена - качество;цена-качество;+
КМ;цена;цена;адекватная;+
КМ;цена;цена;более чем доступная;+
КМ;цена;цена;бюджетная цена;+
КМ;цена;цена;бюджетно;+
КМ;цена;цена;вкусная цена;+
КМ;цена;цена;высокая цена;-
КМ;цена;цена;грошовая цена;+
КМ;цена;цена;гуманная цена;+
КМ;цена;цена;демократичная;+
КМ;цена;цена;дешевая;+
КМ;цена;цена;дешевле;+
КМ;цена;цена;дешево;+
КМ;цена;цена;дикая цена;-
КМ;цена;цена;дорого;-
КМ;цена;цена;дороговато;-
КМ;цена;цена;дорогой;-
КМ;цена;цена;достойная цена;+
КМ;цена;цена;доступеней некуда;+
КМ;цена;цена;доступна;+
КМ;цена;цена;доступная цена;+
КМ;цена;цена;жаль потраченных средств;-
КМ;цена;цена;за приемлимые деньги;+
КМ;цена;цена;завышена;-
КМ;цена;цена;замечательная цена;+
КМ;цена;цена;как в европе;+
КМ;цена;цена;красивая цена;+
КМ;цена;цена;лучшая цена;+
КМ;цена;цена;маленькая цена;+
КМ;цена;цена;минимальная;+
КМ;цена;цена;наилучшая цена;+
КМ;цена;цена;неадекватная цена;-
КМ;цена;цена;небольшая;+
КМ;цена;цена;невысокая цена;+
КМ;цена;цена;недорогая;+
КМ;цена;цена;недорогая модель;+
КМ;цена;цена;недорогая модель;+
КМ;цена;цена;недорого;+
КМ;цена;цена;немалая;-
КМ;цена;цена;немалые деньги;-
КМ;цена;цена;неплохая цена;+
КМ;цена;цена;неэкономичная;-
КМ;цена;цена;низка;+
КМ;цена;цена;низкая;+
КМ;цена;цена;низкая стоимость;+
КМ;цена;цена;нормальная цена;+
КМ;цена;цена;оптимальная цена;+
КМ;цена;цена;отличная ;+
КМ;цена;цена;отличная цена;+
КМ;цена;цена;ощутимая цена;-
КМ;цена;цена;привлекательная цена;+
КМ;цена;цена;приемлемая;+
КМ;цена;цена;приятная;+
КМ;цена;цена;разумная цена;+
КМ;цена;цена;самое то;+
КМ;цена;цена;смешная;+
КМ;цена;цена;смешные деньги;+
КМ;цена;цена;соизмеримая цена;+
КМ;цена;цена;средняя цена;+
КМ;цена;цена;стоит гораздо меньше;+
КМ;цена;цена;супер цена;+
КМ;цена;цена;удачная;+
КМ;цена;цена;умеренная;+
КМ;цена;цена;хорошая;+
КМ;цена;цена;чудесная цена;+
КМ;цена;цена;шикарная цена;+
КМ;цена;цена;экономичная;+
КМ;цена;цена на расходные материалы;высокая;-
КМ;цена;цена на расходные материалы;дорогие;-
КМ;цена;цена на расходные материалы;дорогие средства для очистки;-
КМ;цена;цена на расходные материалы;дороговаты;-
КМ;цена;цена на расходные материалы;дорогое удовольствие;-
КМ;цена;цена на расходные материалы;дороже чем в Европе;-
КМ;цена;цена на расходные материалы;заламывают;-
КМ;цена;цена на расходные материалы;ломят;-
КМ;цена;цена на расходные материалы;накладно;-
КМ;цена;цена на расходные материалы;недорогие расходники;+
КМ;эксплуатация;взбивание;взбивается быстро;+
КМ;эксплуатация;взбивание;взбивается легко;+
КМ;эксплуатация;взбивание;замечательно вспенивает ;+
КМ;эксплуатация;взбивание;использование капучинатора требует некоторых навыков;-
КМ;эксплуатация;взбивание;отлично взбивает (вспенивает);+
КМ;эксплуатация;взбивание;Плохо взбивает (вспенивает);-
КМ;эксплуатация;взбивание;получается не в 100% случаев;-
КМ;эксплуатация;взбивание;практически не взбить;-
КМ;эксплуатация;взбивание;прекрасно;+
КМ;эксплуатация;взбивание;разбрызгивает молоко;-
КМ;эксплуатация;взбивание;сложно взбивать;-
КМ;эксплуатация;взбивание;так себе;-
КМ;эксплуатация;взбивание;хорошо;+
КМ;эксплуатация;взбивание;шиш;-
КМ;эксплуатация;запах;воняет;-
КМ;эксплуатация;запах;запах и привкус пластмассы;-
КМ;эксплуатация;запах;запах пластика;-
КМ;эксплуатация;запах;запах пластмассы;-
КМ;эксплуатация;запах;запах пластмассы;-
КМ;эксплуатация;запах;запаха пластмассы в напитке нет;+
КМ;эксплуатация;запах;кофе пахнет кипяченым молоком;-
КМ;эксплуатация;запах;нет никакого запаха пластика;+
КМ;эксплуатация;запах;пластик совсем не пахнет;+
КМ;эксплуатация;запах;пластмассовая вонь;-
КМ;эксплуатация;запах;посторонние запахи;-
КМ;эксплуатация;инструкция;безобразная графика;-
КМ;эксплуатация;инструкция;в виде красивых картинок;+
КМ;эксплуатация;инструкция;"в стиле ""минимализм""";-
КМ;эксплуатация;инструкция;грамотная;+
КМ;эксплуатация;инструкция;для солдат;+
КМ;эксплуатация;инструкция;идеально проста;+
КМ;эксплуатация;инструкция;корявая;-
КМ;эксплуатация;инструкция;мелко напечатана;+
КМ;эксплуатация;инструкция;мудреное руководство;-
КМ;эксплуатация;инструкция;на китайския pysskom;-
КМ;эксплуатация;инструкция;написано косно;-
КМ;эксплуатация;инструкция;нелогичность (изложения);-
КМ;эксплуатация;инструкция;неполноценность (изложения);-
КМ;эксплуатация;инструкция;непонятная;-
КМ;эксплуатация;инструкция;ни о чем;-
КМ;эксплуатация;инструкция;плохая;-
КМ;эксплуатация;инструкция;плохой текст;-
КМ;эксплуатация;инструкция;подробная;+
КМ;эксплуатация;инструкция;подробные;+
КМ;эксплуатация;инструкция;понятная;+
КМ;эксплуатация;инструкция;пропущены буквы;-
КМ;эксплуатация;инструкция;противоречивая;-
КМ;эксплуатация;инструкция;составлена идиотами;-
КМ;эксплуатация;инструкция;хорошая;+
КМ;эксплуатация;подготовка к работе;быстрая подготовка к работе;+
КМ;эксплуатация;подготовка к работе;быстро готова к работе после включения;+
КМ;эксплуатация;подготовка к работе;быстро нагревается;+
КМ;эксплуатация;подготовка к работе;быстро прогревается;+
КМ;эксплуатация;подготовка к работе;быстро разогревается до рабочей температуры;+
КМ;эксплуатация;подготовка к работе;быстрый нагрев;+
КМ;эксплуатация;подготовка к работе;греется довольно быстро;+
КМ;эксплуатация;подготовка к работе;греется тоже очень быстро;+
КМ;эксплуатация;подготовка к работе;долгий прогрев;-
КМ;эксплуатация;подготовка к работе;долго прогревается;-
КМ;эксплуатация;подготовка к работе;мало времени на подготовку к работе;+
КМ;эксплуатация;подготовка к работе;медленно нагревается;-
КМ;эксплуатация;подготовка к работе;можно готовить примерно через 30 секунд после включения;+
КМ;эксплуатация;подготовка к работе;моментально готова варить кофе;+
КМ;эксплуатация;подготовка к работе;нагревается  быстро;+
КМ;эксплуатация;приготовление кофе;без брызг;+
КМ;эксплуатация;приготовление кофе;без особых усилий;+
КМ;эксплуатация;приготовление кофе;без проблем;+
КМ;эксплуатация;приготовление кофе;без хлопот;+
КМ;эксплуатация;приготовление кофе;безупречно;+
КМ;эксплуатация;приготовление кофе;безупречно готовила;+
КМ;эксплуатация;приготовление кофе;больше выжимает из зерен, чем мои старые машины;+
КМ;эксплуатация;приготовление кофе;быстро;+
КМ;эксплуатация;приготовление кофе;быстро варит;+
КМ;эксплуатация;приготовление кофе;быстро готовит;+
КМ;эксплуатация;приготовление кофе;быстро делает;+
КМ;эксплуатация;приготовление кофе;быстрое;+
КМ;эксплуатация;приготовление кофе;быстрое приготовление;+
КМ;эксплуатация;приготовление кофе;Быстрота;+
КМ;эксплуатация;приготовление кофе;варит вкусно;+
КМ;эксплуатация;приготовление кофе;варит исправно;+
КМ;эксплуатация;приготовление кофе;варит хорошо;+
КМ;эксплуатация;приготовление кофе;великолепно;+
КМ;эксплуатация;приготовление кофе;великолепно варит;+
КМ;эксплуатация;приготовление кофе;вероятность перелива;-
КМ;эксплуатация;приготовление кофе;вибрирует;-
КМ;эксплуатация;приготовление кофе;вкусно варит;+
КМ;эксплуатация;приготовление кофе;вкусно готовит;+
КМ;эксплуатация;приготовление кофе;вкусно готовить;+
КМ;эксплуатация;приготовление кофе;вкусно делает;+
КМ;эксплуатация;приготовление кофе;всё быстро;+
КМ;эксплуатация;приготовление кофе;выжимает максимум аромата из любого кофе;+
КМ;эксплуатация;приготовление кофе;головная боль;-
КМ;эксплуатация;приготовление кофе;готовит быстро;+
КМ;эксплуатация;приготовление кофе;готовит изумительно;+
КМ;эксплуатация;приготовление кофе;готовится легко;+
КМ;эксплуатация;приготовление кофе;делать очень легко;+
КМ;эксплуатация;приготовление кофе;долго варит;-
КМ;эксплуатация;приготовление кофе;достойно;+
КМ;эксплуатация;приготовление кофе;достойно варит;+
КМ;эксплуатация;приготовление кофе;замечательно;+
КМ;эксплуатация;приготовление кофе;идеально варит;+
КМ;эксплуатация;приготовление кофе;исправно варит;+
КМ;эксплуатация;приготовление кофе;капризна к сортам кофе, точнее его помолу;-
КМ;эксплуатация;приготовление кофе;качественно;+
КМ;эксплуатация;приготовление кофе;качественно варит;+
КМ;эксплуатация;приготовление кофе;качественно готовит;+
КМ;эксплуатация;приготовление кофе;кипяток подает в 10 раз быстрее чайника;+
КМ;эксплуатация;приготовление кофе;классно готовит;+
КМ;эксплуатация;приготовление кофе;круто делает;+
КМ;эксплуатация;приготовление кофе;легко готовит;+
КМ;эксплуатация;приготовление кофе;легко готовить;+
КМ;эксплуатация;приготовление кофе;лидер по вкусу готового кофе;+
КМ;эксплуатация;приготовление кофе;льется через край;-
КМ;эксплуатация;приготовление кофе;маленькое время разогрева;+
КМ;эксплуатация;приготовление кофе;много возни;-
КМ;эксплуатация;приготовление кофе;можно запрограммировать под себя количество воды в чашке;+
КМ;эксплуатация;приготовление кофе;можно использовать зерновой и молотый кофе;+
КМ;эксплуатация;приготовление кофе;можно использовать как молотый, как и зерновой кофе;+
КМ;эксплуатация;приготовление кофе;можно обжечься;-
КМ;эксплуатация;приготовление кофе;можно применять кофе различных видов - и молотый, и зерновой, и даже в капсулах;+
КМ;эксплуатация;приготовление кофе;можно регулировать степень помола;+
КМ;эксплуатация;приготовление кофе;молоко отлично идет;+
КМ;эксплуатация;приготовление кофе;мороки с ним много;-
КМ;эксплуатация;приготовление кофе;на 5 с плюсом;+
КМ;эксплуатация;приготовление кофе;надежно;+
КМ;эксплуатация;приготовление кофе;надежно готовит;+
КМ;эксплуатация;приготовление кофе;нажатием всего одной кнопочки;+
КМ;эксплуатация;приготовление кофе;нажатием одной кнопки;+
КМ;эксплуатация;приготовление кофе;не вызывает трудностей;+
КМ;эксплуатация;приготовление кофе;невозможность выставить крепость кофе;-
КМ;эксплуатация;приготовление кофе;неплохо;+
КМ;эксплуатация;приготовление кофе;неплохо варит;+
КМ;эксплуатация;приготовление кофе;неплохо готовит;+
КМ;эксплуатация;приготовление кофе;неповторимое качество;+
КМ;эксплуатация;приготовление кофе;неравномерно наливаются 2 чашки;-
КМ;эксплуатация;приготовление кофе;нет возможности заваривать с растворимым кофе;-
КМ;эксплуатация;приготовление кофе;нет возможности засыпать молотый кофе;-
КМ;эксплуатация;приготовление кофе;нет возможности регулировки степени крепости кофе;-
КМ;эксплуатация;приготовление кофе;нет возможности регулировки температуры;-
КМ;эксплуатация;приготовление кофе;обрызгало;-
КМ;эксплуатация;приготовление кофе;одним нажатием кнопки;+
КМ;эксплуатация;приготовление кофе;одно удовольствие;+
КМ;эксплуатация;приготовление кофе;одной кнопкой;+
КМ;эксплуатация;приготовление кофе;отлично;+
КМ;эксплуатация;приготовление кофе;отлично варит;+
КМ;эксплуатация;приготовление кофе;отлично готовит;+
КМ;эксплуатация;приготовление кофе;отлично делает;+
КМ;эксплуатация;приготовление кофе;отлично заваривает;+
КМ;эксплуатация;приготовление кофе;переливает;-
КМ;эксплуатация;приготовление кофе;плеваться паром;-
КМ;эксплуатация;приготовление кофе;по нажатию одной лишь кнопки;+
КМ;эксплуатация;приготовление кофе;посредственно варит;+
КМ;эксплуатация;приготовление кофе;потеря кофе;-
КМ;эксплуатация;приготовление кофе;превосходно;+
КМ;эксплуатация;приготовление кофе;превосходно варит;+
КМ;эксплуатация;приготовление кофе;превосходно готовит;+
КМ;эксплуатация;приготовление кофе;прекрасно;+
КМ;эксплуатация;приготовление кофе;прекрасно варит;+
КМ;эксплуатация;приготовление кофе;прекрасно готовит;+
КМ;эксплуатация;приготовление кофе;прекрасно делает;+
КМ;эксплуатация;приготовление кофе;прилично варит;+
КМ;эксплуатация;приготовление кофе;приходится больше напрягаться, когда готовишь кофе;-
КМ;эксплуатация;приготовление кофе;пришлось попотеть;-
КМ;эксплуатация;приготовление кофе;просачивание кофе через резьбу;-
КМ;эксплуатация;приготовление кофе;просто;+
КМ;эксплуатация;приготовление кофе;простое;+
КМ;эксплуатация;приготовление кофе;простота приготовления;+
КМ;эксплуатация;приготовление кофе;процедура приготовления кофе самая простая;+
КМ;эксплуатация;приготовление кофе;разбрызгивается;-
КМ;эксплуатация;приготовление кофе;рулетка;-
КМ;эксплуатация;приготовление кофе;сложно;-
КМ;эксплуатация;приготовление кофе;спокойно варить;+
КМ;эксплуатация;приготовление кофе;танцы с бубном;-
КМ;эксплуатация;приготовление кофе;удобно;+
КМ;эксплуатация;приготовление кофе;удобно варить;+
КМ;эксплуатация;приготовление кофе;удобно готовить;+
КМ;эксплуатация;приготовление кофе;ужасно делает;-
КМ;эксплуатация;приготовление кофе;уметь +инфинитив (работать с молотым кофе);+
КМ;эксплуатация;приготовление кофе;фырчать;-
КМ;эксплуатация;приготовление кофе;хорошо;+
КМ;эксплуатация;приготовление кофе;хорошо варит;+
КМ;эксплуатация;приготовление кофе;хорошо готовит;+
КМ;эксплуатация;приготовление кофе;чашки в пляс идут;-
КМ;эксплуатация;приготовление кофе;чудесно;+
КМ;эксплуатация;приготовление кофе;шикарно готовит;+
КМ;эксплуатация;расход;большой;-
КМ;эксплуатация;расход;большой расход кофе;-
КМ;эксплуатация;расход;большой расход кофе ;-
КМ;эксплуатация;расход;быстро заканчивается вода;-
КМ;эксплуатация;расход;быстро расходует воду;-
КМ;эксплуатация;расход;воды много расходует;-
КМ;эксплуатация;расход;выше (сравн) чем при приготовлении традиционным способом;-
КМ;эксплуатация;расход;выше по сравнению  с рожковой кофе машиной;-
КМ;эксплуатация;расход;небольшой;-
КМ;эксплуатация;расход;нормально;+
КМ;эксплуатация;расход;нормальный;+
КМ;эксплуатация;расход;постоянно заканчивается вода;-
КМ;эксплуатация;расход;прожорлив до электричества;-
КМ;эксплуатация;расход;расход кофе выше;-
КМ;эксплуатация;расход;расходует меньше;+
КМ;эксплуатация;расход;режим экономии электричества;+
КМ;эксплуатация;расход;тратит неимоверное количество воды;-
КМ;эксплуатация;расход;экономит кофе;+
КМ;эксплуатация;расход;экономно;+
КМ;эксплуатация;расход;энергопотребляющая;-
КМ;эксплуатация;шум;адекватный;+
КМ;эксплуатация;шум;бесшумная;+
КМ;эксплуатация;шум;брутальный;+
КМ;эксплуатация;шум;будит;-
КМ;эксплуатация;шум;вибрирует;-
КМ;эксплуатация;шум;громкий звук;-
КМ;эксплуатация;шум;громкий шум;-
КМ;эксплуатация;шум;громковато;-
КМ;эксплуатация;шум;громкость не напрягает;+
КМ;эксплуатация;шум;громкость разумная;+
КМ;эксплуатация;шум;громче других;-
КМ;эксплуатация;шум;гудит;-
КМ;эксплуатация;шум;дополнительный шум;-
КМ;эксплуатация;шум;жуткий шум;-
КМ;эксплуатация;шум;зaчeтный шум;-
КМ;эксплуатация;шум;излишний шум;-
КМ;эксплуатация;шум;критично;-
КМ;эксплуатация;шум;кряхтит;-
КМ;эксплуатация;шум;легко привыкаешь;+
КМ;эксплуатация;шум;лёгкое приглушённое рычание;+
КМ;эксплуатация;шум;маленький шум;+
КМ;эксплуатация;шум;малошумная;+
КМ;эксплуатация;шум;малошумность;+
КМ;эксплуатация;шум;малошумный;+
КМ;эксплуатация;шум;минимум шума;+
КМ;эксплуатация;шум;можно инфаркт заработать;-
КМ;эксплуатация;шум;напрягает;-
КМ;эксплуатация;шум;напрягает шум;-
КМ;эксплуатация;шум;начинаются ссоры с утра;-
КМ;эксплуатация;шум;не смертельно;+
КМ;эксплуатация;шум;негромко;+
КМ;эксплуатация;шум;незначительный шум;+
КМ;эксплуатация;шум;неистово пыхтит;-
КМ;эксплуатация;шум;немного шумит;-
КМ;эксплуатация;шум;низкий шум;+
КМ;эксплуатация;шум;обыкновенный;+
КМ;эксплуатация;шум;обычный шум;+
КМ;эксплуатация;шум;ощутимо вибрирует;-
КМ;эксплуатация;шум;потревожит;-
КМ;эксплуатация;шум;приемлемый;+
КМ;эксплуатация;шум;прилично шумит;-
КМ;эксплуатация;шум;пыхтит;-
КМ;эксплуатация;шум;раздражать;-
КМ;эксплуатация;шум;ревет;-
КМ;эксплуатация;шум;резкий шум;-
КМ;эксплуатация;шум;с красивым звуком зерна мелит;+
КМ;эксплуатация;шум;с кухни не услышите;+
КМ;эксплуатация;шум;свист;-
КМ;эксплуатация;шум;свистит;-
КМ;эксплуатация;шум;сильный шум;-
КМ;эксплуатация;шум;соседей им не разбудить;-
КМ;эксплуатация;шум;стандартный шум;+
КМ;эксплуатация;шум;страшно гудеть;-
КМ;эксплуатация;шум;страшный шум;-
КМ;эксплуатация;шум;терпимо;-
КМ;эксплуатация;шум;тихая;+
КМ;эксплуатация;шум;тихо;+
КМ;эксплуатация;шум;тихо готовит;+
КМ;эксплуатация;шум;тихо делает;+
КМ;эксплуатация;шум;тихо работает;+
КМ;эксплуатация;шум;тихоня;+
КМ;эксплуатация;шум;тише;+
КМ;эксплуатация;шум;тише+ чем (чем отдельная кофемолка) сравн;+
КМ;эксплуатация;шум;трясётся как самолёт в турбулентности;-
КМ;эксплуатация;шум;убийственный звук;-
КМ;эксплуатация;шум;умеренная громкость;+
КМ;эксплуатация;шум;уровень шума ниже, чем у других кофемашин;+
КМ;эксплуатация;шум;фоновый;+
КМ;эксплуатация;шум;чашки звенят;-
КМ;эксплуатация;шум;чуть громче эл. бритвы;+
КМ;эксплуатация;шум;шум адский;-
КМ;эксплуатация;шум;шумит;-
КМ;эксплуатация;шум;шумит меньше в сравнении с машинками saeco;+
КМ;эксплуатация;шум;шумит не сильно;-
КМ;эксплуатация;шум;шумит сильно;-
КМ;эксплуатация;шум;шумная;+
КМ;эксплуатация;шум;шумная как паровоз;-
КМ;эксплуатация;шум;шумно готовит;-
КМ;эксплуатация;шум;шумноват;-
КМ;эксплуатация;шум;шумноват помол;-
КМ;эксплуатация;шум;шумновата;-
КМ;эксплуатация;шум;шумноватая кофемолка;-
КМ;эксплуатация;шум;шумный;+
КМ;эксплуатация;эксплуатация;pаботaeт испpавнo;+
КМ;эксплуатация;эксплуатация;без заморочек;+
КМ;эксплуатация;эксплуатация;безупречно;+
КМ;эксплуатация;эксплуатация;быстро забивает сетку кофейной чаши;-
КМ;эксплуатация;эксплуатация;быстро забивается;-
КМ;эксплуатация;эксплуатация;в использовании проста;+
КМ;эксплуатация;эксплуатация;возможность использовать кофемашину для нестандартных целей (Пакетированный чай заваривается замечательно);+
КМ;эксплуатация;эксплуатация;впечатления от использования положительные;+
КМ;эксплуатация;эксплуатация;все очень просто;+
КМ;эксплуатация;эксплуатация;все просто;+
КМ;эксплуатация;эксплуатация;все так просто оказалось;+
КМ;эксплуатация;эксплуатация;всегда под рукой;+
КМ;эксплуатация;эксплуатация;вынослива;+
КМ;эксплуатация;эксплуатация;выпендривалась;-
КМ;эксплуатация;эксплуатация;высыпается (кофе);-
КМ;эксплуатация;эксплуатация;глючит часто;-
КМ;эксплуатация;эксплуатация;глючное;-
КМ;эксплуатация;эксплуатация;грязь;-
КМ;эксплуатация;эксплуатация;дело свое знает железно;+
КМ;эксплуатация;эксплуатация;дребежит контейнер для воды при приготовлении кофе;-
КМ;эксплуатация;эксплуатация;дребезжит;-
КМ;эксплуатация;эксплуатация;ежедневная доза озверина;-
КМ;эксплуатация;эксплуатация;ёрзает по столу;-
КМ;эксплуатация;эксплуатация;заботливо предусмотрел;+
КМ;эксплуатация;эксплуатация;зависла;-
КМ;эксплуатация;эксплуатация;замудреная;-
КМ;эксплуатация;эксплуатация;засоряется;-
КМ;эксплуатация;эксплуатация;излишне задумчива;-
КМ;эксплуатация;эксплуатация;интуитивно не понятная;-
КМ;эксплуатация;эксплуатация;интуитивно понятное;+
КМ;эксплуатация;эксплуатация;интуитивно понятные настройки;+
КМ;эксплуатация;эксплуатация;интуитивно понятный дисплей;+
КМ;эксплуатация;эксплуатация;интуитивно понятный интерфейс;+
КМ;эксплуатация;эксплуатация;информативно;+
КМ;эксплуатация;эксплуатация;капает;-
КМ;эксплуатация;эксплуатация;легка в управлении;+
КМ;эксплуатация;эксплуатация;лёгкая в использовании;+
КМ;эксплуатация;эксплуатация;легкая в эксплуатации;+
КМ;эксплуатация;эксплуатация;Легко разобралась;+
КМ;эксплуатация;эксплуатация;легкое программирование;+
КМ;эксплуатация;эксплуатация;легкое управление процессом;+
КМ;эксплуатация;эксплуатация;логичное управление;+
КМ;эксплуатация;эксплуатация;манипуляций минимум;+
КМ;эксплуатация;эксплуатация;минимум усилий при максимуме удовольствия;+
КМ;эксплуатация;эксплуатация;можно доливать не вынимая из машины;+
КМ;эксплуатация;эксплуатация;можно доливать не снимая его с кофемашины;+
КМ;эксплуатация;эксплуатация;можно обжечься;-
КМ;эксплуатация;эксплуатация;молоко засыхает на сливной трубке;-
КМ;эксплуатация;эксплуатация;молоко перегревает;-
КМ;эксплуатация;эксплуатация;напрягает;-
КМ;эксплуатация;эксплуатация;нареканий нет;+
КМ;эксплуатация;эксплуатация;настраивается элементарно;+
КМ;эксплуатация;эксплуатация;начинает раздражать;-
КМ;эксплуатация;эксплуатация;невозможность (невозможно) + инфинитив (разобраться без инструкции);-
КМ;эксплуатация;эксплуатация;немного воды протекает;-
КМ;эксплуатация;эксплуатация;необходимо заглядывать за кофеварку;-
КМ;эксплуатация;эксплуатация;неприхотлива к качеству помола;+
КМ;эксплуатация;эксплуатация;несложная;-
КМ;эксплуатация;эксплуатация;нигде не подтекает;+
КМ;эксплуатация;эксплуатация;никаких лишних действий;+
КМ;эксплуатация;эксплуатация;никаких поломок;+
КМ;эксплуатация;эксплуатация;нужно каждый раз перезаправлять рожок;-
КМ;эксплуатация;эксплуатация;Нужно прилагать небольшие усилия для снятия и постановки контейнера с молоком;-
КМ;эксплуатация;эксплуатация;одно наслаждение;+
КМ;эксплуатация;эксплуатация;одно удовольствие;+
КМ;эксплуатация;эксплуатация;плохо льется кофе;-
КМ;эксплуатация;эксплуатация;полет нормальный;+
КМ;эксплуатация;эксплуатация;полностью сообщает что и как ей нужно;+
КМ;эксплуатация;эксплуатация;понятное меню;+
КМ;эксплуатация;эксплуатация;после каждого приготовления нужно снова снимать рожок и утрамбовывать туда кофе;+
КМ;эксплуатация;эксплуатация;практична;+
КМ;эксплуатация;эксплуатация;предельно просто;+
КМ;эксплуатация;эксплуатация;придется ждать;-
КМ;эксплуатация;эксплуатация;придется немного попыхтеть;-
КМ;эксплуатация;эксплуатация;присутствует небольшое просыпание кофе;-
КМ;эксплуатация;эксплуатация;приходится придерживать емкость с молоком;-
КМ;эксплуатация;эксплуатация;проблем нет;+
КМ;эксплуатация;эксплуатация;проста в использовании;+
КМ;эксплуатация;эксплуатация;проста в управлении;+
КМ;эксплуатация;эксплуатация;простая в использовании;+
КМ;эксплуатация;эксплуатация;простая в применении ;+
КМ;эксплуатация;эксплуатация;Просто настроить;+
КМ;эксплуатация;эксплуатация;простое использование;+
КМ;эксплуатация;эксплуатация;простота в обращении;+
КМ;эксплуатация;эксплуатация;простота эксплуатации;+
КМ;эксплуатация;эксплуатация;простые настройки;+
КМ;эксплуатация;эксплуатация;просыпает (кофе);-
КМ;эксплуатация;эксплуатация;просыпается кофе внутри;-
КМ;эксплуатация;эксплуатация;работает без нареканий;+
КМ;эксплуатация;эксплуатация;работает как надо;+
КМ;эксплуатация;эксплуатация;работает как часики;+
КМ;эксплуатация;эксплуатация;работают как часы;+
КМ;эксплуатация;эксплуатация;реализовано грамотно;+
КМ;эксплуатация;эксплуатация;реализовано логично;+
КМ;эксплуатация;эксплуатация;регулировка помола очень сложная;-
КМ;эксплуатация;эксплуатация;с лёгкостью;+
КМ;эксплуатация;эксплуатация;скрипит;-
КМ;эксплуатация;эксплуатация;сложная;-
КМ;эксплуатация;эксплуатация;сложно;-
КМ;эксплуатация;эксплуатация;сложно сразу воткнуть правильно держалку с кофе;-
КМ;эксплуатация;эксплуатация;сложновато запомнить настройки;-
КМ;эксплуатация;эксплуатация;сложновато разобраться с молоком;-
КМ;эксплуатация;эксплуатация;спешит;-
КМ;эксплуатация;эксплуатация;справится даже ребенок;+
КМ;эксплуатация;эксплуатация;справится и ребенок;+
КМ;эксплуатация;эксплуатация;стабильно;+
КМ;эксплуатация;эксплуатация;степенно;+
КМ;эксплуатация;эксплуатация;течет;-
КМ;эксплуатация;эксплуатация;требует постоянного обслуживания ( промывки, чистки, смазывания) при не частом использовании раз в неделю;-
КМ;эксплуатация;эксплуатация;требует частой чистки и смазки варочного блока;-
КМ;эксплуатация;эксплуатация;тяжело подобрать бокалы по размеру и объему;-
КМ;эксплуатация;эксплуатация;тяжеловато вытаскивать ёмкость для молока;-
КМ;эксплуатация;эксплуатация;удобен с точки зрения эргономики;+
КМ;эксплуатация;эксплуатация;удобная;+
КМ;эксплуатация;эксплуатация;удобная ;+
КМ;эксплуатация;эксплуатация;удобная в эксплуатации;+
КМ;эксплуатация;эксплуатация;удобная настройка параметров;+
КМ;эксплуатация;эксплуатация;удобно;+
КМ;эксплуатация;эксплуатация;удобно заливать воду;+
КМ;эксплуатация;эксплуатация;удобно наливается вода в бак;+
КМ;эксплуатация;эксплуатация;удобно наливать воду в емкость;+
КМ;эксплуатация;эксплуатация;Удобно, что контейнеры для воды и молока съемные;+
КМ;эксплуатация;эксплуатация;Удобное;+
КМ;эксплуатация;эксплуатация;удобное ;+
КМ;эксплуатация;эксплуатация;удобное  управление;+
КМ;эксплуатация;эксплуатация;удобное меню;+
КМ;эксплуатация;эксплуатация;удобный;+
КМ;эксплуатация;эксплуатация;Удобство;+
КМ;эксплуатация;эксплуатация;удобство в настройках;+
КМ;эксплуатация;эксплуатация;Удобство использования;+
КМ;эксплуатация;эксплуатация;удобство использования:;+
КМ;эксплуатация;эксплуатация;управление логичное;+
КМ;эксплуатация;эксплуатация;управление у нее многократно удобнее;+
КМ;эксплуатация;эксплуатация;устойчивая;+
КМ;эксплуатация;эксплуатация;хлопот мало;+
КМ;эксплуатация;эксплуатация;частенько поддончик менять надо после промывки...;-
КМ;эксплуатация;эксплуатация;часть воды проливается где-то еще внутри неё;-
КМ;эксплуатация;эксплуатация;чувствителен к напряжению;-
КМ;эксплуатация;эксплуатация;элементарная;+
КМ;эксплуатация;эксплуатация;элементарная управление;+
КМ;эксплуатация;эксплуатация;элементарное управление;+
чувства автора;чувства автора;пожелания автора;желание регулировки объема приготавливаемого напитка ( порой хочется скорректировать размер под конкретную чашку);-
чувства автора;чувства автора;пожелания автора;желание регулировки объемапенки ( Хотелось бы пенку в большой чашке чуток побольше);-
чувства автора;чувства автора;пожелания автора;хорошо бы если бы она кофе сготовила и уже потом красной кнопкой мигала. Тогда я буду бодр и любую операцию сделаю;-
чувства автора;чувства автора;пожелания автора;хотелось бы (конечно с дисплеем,но это уже подороже модели будут);-
чувства автора;чувства автора;пожелания автора;хотелось бы более тонкую регулировку дозировки воды для приготовления кофе, но это придирки;-
чувства автора;чувства автора;пожелания автора;хотелось бы иметь возможность ставить более высокие чашки;-
чувства автора;чувства автора;пожелания автора;хотелось бы кнопку очистки на рожке как в ровенте;-
чувства автора;чувства автора;пожелания автора;хотелось бы точный температурный термостат;-
чувства автора;чувства автора;рекомендация;берите;+
чувства автора;чувства автора;рекомендация;желаю;+
чувства автора;чувства автора;рекомендация;купите другую;-
чувства автора;чувства автора;рекомендация;не пожалеете;+
чувства автора;чувства автора;рекомендация;не сомневайтесь;+
чувства автора;чувства автора;рекомендация;однозначно покупать;+
чувства автора;чувства автора;рекомендация;однозначно советую;+
чувства автора;чувства автора;рекомендация;одобряю К покупке;+
чувства автора;чувства автора;рекомендация;отбросить сомнения;+
чувства автора;чувства автора;рекомендация;покупайте смело;+
чувства автора;чувства автора;рекомендация;рекомендую;+
чувства автора;чувства автора;рекомендация;рекоменую;+
чувства автора;чувства автора;рекомендация;смело берите;+
чувства автора;чувства автора;рекомендация;советую;+
чувства автора;чувства автора;рекомендация;советую брать;+
чувства автора;чувства автора;рекомендация;стоит к ней прсмотреться;+
чувства автора;чувства автора;чувства автора;безумно счастлива;+
чувства автора;чувства автора;чувства автора;бесконечно доволен;+
чувства автора;чувства автора;чувства автора;в восторге;+
чувства автора;чувства автора;чувства автора;влюбилась;+
чувства автора;чувства автора;чувства автора;влюблена в нее;+
чувства автора;чувства автора;чувства автора;все надежды оправдались;+
чувства автора;чувства автора;чувства автора;всем доволен;+
чувства автора;чувства автора;чувства автора;доволен;+
чувства автора;чувства автора;чувства автора;доволен как слон;+
чувства автора;чувства автора;чувства автора;довольна;+
чувства автора;чувства автора;чувства автора;довольны;+
чувства автора;чувства автора;чувства автора;Довольны всем;+
чувства автора;чувства автора;чувства автора;жалею (о покупке);-
чувства автора;чувства автора;чувства автора;кофезависимость;-
чувства автора;чувства автора;чувства автора;мечта сбылась;+
чувства автора;чувства автора;чувства автора;наслаждаемся;+
чувства автора;чувства автора;чувства автора;настроение поднимается;+
чувства автора;чувства автора;чувства автора;не жалею;-
чувства автора;чувства автора;чувства автора;не жалею о сделанном выборе;+
чувства автора;чувства автора;чувства автора;не могу промолчать;-
чувства автора;чувства автора;чувства автора;не нapaдуюcь;+
чувства автора;чувства автора;чувства автора;не повезло;-
чувства автора;чувства автора;чувства автора;не получаю положительных эмоций;-
чувства автора;чувства автора;чувства автора;не прогадали;+
чувства автора;чувства автора;чувства автора;остался доволен;+
чувства автора;чувства автора;чувства автора;побалуюсь чашечкой капучино;+
чувства автора;чувства автора;чувства автора;пожалел;-
чувства автора;чувства автора;чувства автора;полностью доволен;+
чувства автора;чувства автора;чувства автора;полный восторг;+
чувства автора;чувства автора;чувства автора;полюбила;+
чувства автора;чувства автора;чувства автора;попал в точку;+
чувства автора;чувства автора;чувства автора;приятно удивлён;+
чувства автора;чувства автора;чувства автора;просто в восторге;+
чувства автора;чувства автора;чувства автора;рад до глубины души;+
чувства автора;чувства автора;чувства автора;рад своему выбору;+
чувства автора;чувства автора;чувства автора;рада;+
чувства автора;чувства автора;чувства автора;рада покупке;+
чувства автора;чувства автора;чувства автора;радости моей предела не было;+
чувства автора;чувства автора;чувства автора;Радости не было предела;+
чувства автора;чувства автора;чувства автора;разочаровались;-
чувства автора;чувства автора;чувства автора;разочарован;-
чувства автора;чувства автора;чувства автора;разочарованию не было предела;-
чувства автора;чувства автора;чувства автора;расстроилась;-
чувства автора;чувства автора;чувства автора;расстроились жутко;-
чувства автора;чувства автора;чувства автора;сбылась мечта;+
чувства автора;чувства автора;чувства автора;сделала правильный выбор;+
чувства автора;чувства автора;чувства автора;сплошное удовольствие;+
чувства автора;чувства автора;чувства автора;счастлив ;+
чувства автора;чувства автора;чувства автора;счастье;+
чувства автора;чувства автора;чувства автора;счастью нет предела;+
чувства автора;чувства автора;чувства автора;удивлена ее способностями;+
чувства автора;чувства автора;чувства автора;удовлетворен;+
чувства автора;чувства автора;чувства автора;ужас;-
